"lon","lat"
18.974527,47.597644
-2.810987,53.410364
-1.167382,52.635458
-1.213163,52.521507
-2.923858,53.358573
-0.918824,52.524984
-0.792083,52.596715
-1.160739,52.669887
26.095132,44.476757
-1.182908,52.511818
-1.106768,52.62243
-1.156682,52.639301
-1.161217,52.649448
18.599967,48.224736
-2.832389,53.384577
-1.063458,53.958186
-1.06039,53.959061
-1.730339,53.34584
-1.063478,53.957287
-1.061955,53.957275
-0.555883,52.039196
-1.061934,53.958174
-1.061894,53.959971
-0.830505,53.40334
-1.058867,53.959049
-2.762528,53.34896
-1.271773,52.66253
-1.063418,53.959983
-2.191701,53.396326
-1.243702,52.648375
-1.273207,52.665236
-0.416626,53.819311
-4.045262,54.839712
-3.618954,55.121161
-4.187628,54.880374
-2.413125,53.588118
-1.216433,52.520001
-3.42919,51.572705
-1.099065,53.920241
0.24112,53.213614
-3.601777,55.077935
-1.135901,52.643323
-2.147308,51.38274
-2.397472,53.586239
-3.220832,51.699548
-1.061914,53.959073
-2.737755,56.054298
-2.337386,53.56229
-1.064942,53.959995
-2.130135,51.725098
7.01824,46.11821
-1.610887,53.101912
-1.610903,53.100114
-2.227818,53.541426
-1.185709,52.679051
-1.260726,52.585463
-1.991655,53.972484
-1.12033,52.620149
-1.686226,53.216294
-1.060451,53.956365
0.89712,51.891904
-3.406202,51.76271
19.296988,47.597224
-1.227941,50.588823
0.463643,51.599572
-3.162366,56.123314
-2.215836,53.410666
-0.768748,53.406315
-0.362823,53.761509
0.855198,51.853133
-0.932253,52.660992
-0.713177,52.614045
-1.086832,52.657609
-0.66671,53.590395
-0.662419,53.57556
-0.657121,53.585479
-0.662349,53.584953
0.427375,51.562602
0.425838,51.560835
-1.085081,52.592688
-1.101879,52.623113
-1.125125,53.924496
-6.663639,55.102281
-1.311101,53.168873
-0.964661,53.338913
-2.401575,51.382908
-2.338212,51.364226
-1.165049,52.598897
-1.915285,53.249036
-1.910793,53.247235
-2.353855,52.08527
-1.391966,53.374259
-2.408744,51.381085
-2.815371,53.424751
-1.085502,52.590219
-2.9221,53.374041
-2.797334,54.173995
-0.816996,51.22022
-2.893317,54.007046
-2.920539,53.371356
-0.711616,53.417713
-1.515121,53.382913
-2.920578,53.373154
-4.17384,53.217548
-2.710627,53.582226
-2.919075,53.373165
-0.809614,51.209399
-2.349969,53.623374
-2.880688,54.059269
-4.169305,53.216732
-2.695014,53.334546
-2.802114,52.745656
0.244159,53.214456
-2.841674,52.722907
1.076819,51.328796
-3.387057,56.026242
-0.41431,53.005234
-0.399082,53.01402
-1.487975,52.627747
-2.1254,53.351471
-2.732972,56.056123
-0.160172,52.795239
-0.778854,52.894017
-1.755301,53.051508
-1.596865,53.163889
-0.312765,51.44609
-1.259898,51.606952
-1.243525,51.592911
-1.358087,53.328239
-1.092177,52.606497
-3.197955,55.930283
-1.141143,52.730294
-1.539843,54.154188
-4.031589,55.862734
0.636259,51.830592
-1.214449,52.725992
-1.860838,52.003007
-2.331226,52.113612
-3.384755,52.244001
0.264181,51.993916
-0.107024,53.203427
-0.28161,53.250168
-3.324342,52.648823
-1.077486,54.013121
-1.435375,52.587908
-0.157397,52.790701
-1.384967,53.65107
0.008859,52.81003
10.327104,45.007248
-0.194284,51.822001
-0.085641,51.783414
-1.133172,52.646809
-0.023474,53.549134
-2.338757,52.028269
0.440147,51.619219
-0.089008,51.505919
-0.396422,54.281465
-1.306201,54.75521
-1.102623,52.622849
-0.267712,50.910045
-0.116841,50.854063
-3.270965,51.487304
-0.790031,50.725841
0.075604,50.902017
-0.642149,50.940045
-1.132447,52.646085
-1.12942,52.619902
-1.108916,52.600286
-1.080419,54.018537
-1.222794,52.673007
-0.903029,52.803532
-1.107422,52.601174
-1.715606,52.278305
-1.075849,53.20454
-6.030354,54.602006
-2.463836,55.706116
-5.219346,49.991807
-2.092888,53.597784
-1.575273,53.983554
-2.225815,51.872505
-0.810874,53.755959
-0.296505,51.06996
-1.107403,52.602073
-0.972789,54.57535
-0.257747,51.957791
-4.169705,51.197576
-0.939125,52.783183
-1.590997,53.567955
-1.744419,53.50317
-4.256205,54.852153
-4.362446,54.697318
-0.962703,53.063177
-1.449406,53.232515
-0.156371,52.779896
0.019822,52.934368
0.210066,53.264992
-1.138138,53.327303
-0.882522,53.484739
-3.377122,51.73563
-3.227481,51.557454
-3.249279,51.536993
-1.159648,52.95755
-1.221487,53.161129
-1.215025,53.002741
-0.421395,54.285974
-0.20773,53.152886
-3.269525,51.48732
-3.029956,52.418451
0.186526,53.391293
0.004511,53.358528
-1.054173,53.964405
-0.98993,51.473661
-1.002866,51.474671
-2.954169,52.279285
-0.170777,53.912853
-4.10153,51.585518
-2.516993,55.995222
-9.819944,51.636314
-3.222039,51.647654
-4.011734,52.954276
-4.4864,55.623251
-3.26291,51.534599
-3.382616,51.915397
-0.072275,53.338667
-3.269032,51.487729
-0.27485,54.084284
-0.224912,54.088366
-1.42039,53.494848
-1.086621,53.961824
-3.85405,58.012106
0.292114,52.310487
-3.601422,51.546201
-1.625427,55.175421
-1.141936,53.325083
-3.237918,51.543407
-1.333124,53.580683
-0.364329,53.752046
-1.612595,55.349077
-3.250468,55.920775
-0.9558,53.061697
2.92957,50.50229
-0.363378,53.755044
-0.511892,51.340879
-0.343738,53.774236
0.173776,53.155523
-3.176751,55.970023
-2.585332,52.382507
-1.506184,53.958573
-2.513858,56.000626
-1.167303,52.635772
-0.577553,54.019347
-4.266379,55.805606
-1.525041,53.841357
0.100351,53.16808
-1.904044,53.249477
-2.850668,53.372324
-2.858272,53.376764
-4.309318,55.883898
-1.828589,54.311324
-0.843138,51.413857
-3.232347,51.737238
-3.144514,55.909226
-3.21674,51.698062
-2.408733,52.507592
-3.202463,55.972471
-3.197519,55.968026
-3.188046,55.97261
7.40581,46.92859
-3.057589,55.889337
-3.05599,55.88935
-2.194889,51.791417
-1.11788,53.326706
-3.014167,51.639833
0.382584,52.657
-3.262078,51.530561
0.656329,52.391297
-3.086153,51.528726
0.334512,52.336947
-3.25502,51.536032
-0.805882,53.396354
-1.230677,52.64519
-2.212764,53.398088
-1.058927,53.956353
-1.161374,54.544899
-1.058887,53.95815
-1.06797,53.960917
-1.06799,53.960019
-1.24414,52.648738
-2.148345,53.899726
-2.166733,53.931159
-2.518584,55.994317
-2.177348,53.920359
-3.09407,51.609353
-1.072655,54.093077
-2.51387,56.001525
-9.057541,53.275398
-1.218358,52.672978
-4.290849,55.868964
-4.2892,55.868096
-0.721713,51.899049
-0.79729,52.818689
-1.117928,53.578841
-1.485153,53.374697
-1.283722,54.487718
-6.120145,54.613093
-3.156942,51.66252
-1.344024,54.577931
-3.17993,55.652799
-1.584458,54.110267
-1.067328,51.420351
-4.024417,55.817018
-1.560736,54.060795
-2.000771,55.760005
-2.414773,56.775438
-2.224966,53.002105
-1.335272,50.87919
-0.632598,54.420317
-0.39048,53.643181
-3.20887,55.972408
-0.299039,53.659896
-1.186301,54.535183
-2.944638,51.829816
-3.229017,51.694562
-1.47318,52.942722
-1.189356,54.537001
-1.273396,51.64341
-1.252661,52.65612
-1.231667,52.67307
-0.540492,53.24058
-2.726533,56.05526
0.012338,53.20556
-2.103836,51.72806
-2.320858,53.97039
-2.271901,53.94355
-2.256755,53.95796
-2.439714,53.96552
-3.462434,56.0676
-1.617642,54.18592
-7.380217,54.35076
-3.736149,56.01014
-0.561482,53.21791
-1.532965,53.40096
-1.924245,52.41123
-1.189498,54.52981
-4.239858,57.49375
-3.011769,55.91039
-0.943942,51.09469
-0.126387,52.33576
-6.067897,57.34457
-3.247534,56.62344
-3.035362,53.83742
-3.249164,56.62342
-1.130357,53.96952
-3.231212,56.6227
-1.760668,54.40157
-5.602718,57.4172
-1.547737,54.41305
-1.590583,54.23378
-0.78065,53.41093
-5.61145,57.40437
-3.233756,55.9488
-0.560299,54.42734
1.258928,51.9301
-1.582113,53.98582
-0.397468,54.25451
-2.165885,54.10103
-3.060511,55.93783
-1.340537,53.83195
-1.350391,53.83335
-1.079903,53.93809
-1.230411,53.16388
-1.231683,52.67217
-3.222245,51.69828
-3.050158,53.84264
-4.230128,55.86231
-4.232785,55.86127
-2.282367,53.01839
-0.596425,53.47723
-0.588983,53.47444
-1.577314,53.76799
-1.221316,52.673
-0.333291,54.22278
-0.506375,53.98235
-0.576888,54.3979
-5.729599,54.66256
-4.97452,55.10638
-0.066409,51.43554
-0.945464,53.89116
5.65,50.85
-0.870302,54.28099
-4.798968,55.64361
-1.240825,51.75474
1.237098,51.32038
-0.937895,53.98141
-2.910435,54.37092
-2.164132,54.04441
-1.844327,57.41742
-2.964997,54.40015
-5.47121,50.19744
-0.277915,52.55516
-3.645058,50.7929
-0.993456,54.20659
-4.314659,55.94671
-1.80223,51.0813
-3.512892,51.4642
-1.856796,53.93254
-0.869616,54.1938
-2.02366,54.08766
-2.024423,54.08541
-3.953794,56.15875
-0.826883,54.26844
-5.303147,50.2265
-1.129903,52.62157
-1.48033,53.52389
-1.484789,53.5293
-2.78413,56.04503
-2.452716,52.62255
0.118229,52.21743
-2.369973,52.44483
-2.743674,52.70648
-1.066745,54.01573
-0.108323,52.27923
-4.232981,55.86189
-0.85844,54.2656
-1.191273,52.93799
-2.494776,51.76289
-1.066727,53.94832
-2.434672,50.54142
-2.129678,51.80293
-0.218877,52.00761
-1.073159,53.93309
-2.425505,50.54208
-1.158954,54.54982
-0.674905,51.21425
-0.618167,52.9453
-0.397725,54.27361
-1.051064,53.96708
-4.355427,55.80034
-6.371097,53.35881
-0.313468,54.05562
-0.806907,51.17565
-0.791666,51.21146
-1.027377,54.13316
-0.206287,51.18822
-3.250584,55.92437
-0.787997,54.54668
-1.928366,54.38602
-3.085918,55.93042
-0.320587,53.49839
-1.066185,54.24492
-3.051171,55.88849
-3.208905,51.50698
-1.190569,52.97574
-3.060761,55.88841
-0.87668,54.55427
-0.201877,54.09421
-8.583498,51.93363
-9.10884,53.25921
1.204116,51.09511
-2.958254,55.94586
1.202628,51.09425
-1.113749,54.49558
-0.836839,53.39172
-1.278282,52.8954
-2.276208,56.84589
-0.412466,54.2637
-3.019193,54.34007
-2.090254,55.86689
-0.21697,54.1149
-0.325237,51.43953
-2.704007,56.0527
-3.055966,55.88845
-3.839929,53.32476
-0.48524,54.18419
-0.956742,52.75952
-3.445423,55.13593
-0.832009,53.40335
-1.689395,53.91425
-2.71647,55.59797
-5.138912,56.84357
-1.715587,52.72677
-0.395026,54.27034
-1.507433,53.65793
-3.49333,56.03578
-1.606464,53.0956
-2.769064,53.43131
-0.957168,53.32901
-1.466074,53.51798
-0.770049,53.09979
-1.063673,53.26517
-1.219087,54.0303
-1.620908,53.07475
-1.927689,52.55282
-1.242453,52.64796
-1.293989,52.93505
-1.095159,52.98045
-0.547789,54.41056
-1.811549,53.83361
-1.583723,53.82405
-0.878781,54.05323
-0.411429,54.29065
-0.396771,54.27248
-1.813851,53.05247
-2.144171,51.77733
-0.841412,53.4448
-1.032801,53.10491
-2.180035,49.22637
-1.004326,51.47378
-2.132216,51.72875
-0.309529,51.47527
-1.779755,52.64254
-0.864617,53.36502
-2.828212,53.37698
-3.231329,55.92276
-2.718522,56.05621
-2.720128,56.0562
-1.471299,54.00561
7.10905,43.6551
-3.940493,56.11853
-2.857145,56.0077
-3.051195,55.88939
-0.861297,54.13396
-3.22527,55.93361
-0.876598,54.1341
-1.565177,54.14754
-4.360829,57.55803
-3.528263,58.58684
-3.852313,58.01123
-1.638904,54.47133
-3.748784,58.55888
7.6047,47.5581
7.67133,47.60295
-2.902792,59.04339
-1.036491,53.17371
-1.150518,54.54662
-0.648513,53.78165
-7.856791,54.39809
-0.77044,54.4364
-1.063868,53.97392
-2.075174,52.55282
-2.222657,52.55263
-1.732768,54.27385
-1.703792,54.03112
-0.58223,53.78943
-2.50904,52.89291
-0.611,53.76864
-0.665506,53.55667
-0.66494,53.57464
-1.088309,54.14622
-2.275183,52.81457
-2.214294,52.80301
-0.840158,53.26949
-2.225435,53.092
-2.076114,53.09219
-0.753284,51.3338
-2.389067,57.29385
-1.425082,52.64135
-2.406756,54.1027
-1.116412,53.97656
-1.049442,53.93785
-2.476982,51.7243
-1.827187,53.72578
-3.097933,57.61171
-1.660476,53.72542
-1.766315,53.77061
-3.102184,57.61392
-1.425317,52.62337
-1.926791,53.09219
-1.171235,50.80112
-3.147819,55.91279
-0.213138,53.90136
-3.735223,56.70206
-1.104534,53.49784
-2.89015,55.90863
-3.232098,55.94702
-1.448597,54.10707
-3.242278,55.96489
-0.967292,54.17985
-2.556008,51.43892
-2.371422,51.38571
-4.681648,57.14542
-1.926639,53.18208
-1.069697,54.02025
-1.29537,52.66627
-0.900561,53.36985
-1.703601,54.05809
-1.500579,52.95408
-1.473744,52.95756
-0.93167,53.32788
-1.404266,52.92217
-1.642135,52.75502
-2.215823,51.60549
-0.291445,53.30425
-1.219905,52.95931
-1.250141,52.93254
-3.036028,56.45827
-1.220067,52.95032
-3.179957,55.6537
-2.659754,55.57538
-1.505108,53.33883
-2.866219,55.9115
-1.323881,53.44985
-1.37626,53.31755
-0.650907,51.12899
-2.460894,53.95106
-1.567989,52.38574
-3.049861,55.83998
-0.32425,51.46649
8.53098,47.37317
-3.259018,55.90069
-1.193628,53.13128
-2.076273,53.18207
-2.374754,53.09162
-0.270828,50.83936
-0.719004,53.53478
-0.186031,53.06445
-2.075484,52.73261
-1.353653,53.96684
-1.31324,53.96796
-1.162036,53.14185
-1.322295,54.02059
-2.002214,53.35873
-2.808114,55.42398
-1.656437,54.21974
-2.712576,55.42682
-1.160631,52.98363
-1.599599,53.7522
-1.156356,52.97371
-3.05416,51.64141
-1.387165,53.76029
-2.924024,54.35913
-2.100594,53.97752
-1.317439,54.73371
-3.001365,54.24887
-1.927393,52.73262
-2.918391,53.37632
-2.504362,57.04955
0.203163,53.26197
-0.785511,53.05455
-2.264511,53.01146
-1.779303,52.73243
7.53679,46.74865
-0.749178,53.14992
-0.934583,53.3315
-2.724133,56.05573
-4.232955,55.86284
-1.583367,53.86
-1.797264,53.64484
-1.175062,53.35903
-3.048736,55.88717
-3.259195,55.94315
-1.143767,53.79475
-3.917549,55.36309
-3.052793,55.88938
-4.133888,55.41028
-1.173322,53.4489
-1.52204,53.90471
-3.817226,55.99459
-2.162071,54.10328
-0.958956,53.90115
-0.151926,52.77983
-2.373974,53.00173
-3.972778,56.13644
-2.224035,52.82232
-2.371661,52.73205
-0.866906,53.33537
-2.223573,52.73243
-3.202943,55.96213
-0.830481,53.40424
-2.224499,52.91221
-3.353005,56.02756
-1.538052,53.83287
-1.568532,53.82399
-1.522858,53.83281
-1.064472,53.94696
-1.583456,53.85101
-1.52296,53.82382
-1.613692,53.86909
-1.948035,54.04945
-1.644335,53.84222
-1.613857,53.85111
-1.537854,53.85084
-1.644411,53.83323
-1.659605,53.83328
-1.583634,53.83304
-3.259224,55.94405
-1.826373,53.92351
-1.659751,53.8153
-3.184431,55.95917
-1.675077,53.79737
-1.675008,53.80635
-1.568993,53.77906
-1.553533,53.80596
-3.607787,55.97055
-1.568809,53.79703
-1.659459,53.85125
-4.164862,53.20288
-3.10832,55.93022
-3.315172,55.89404
-4.277215,55.8818
7.60263,46.8835
-3.998787,55.86192
-2.570512,53.38433
-1.7772,53.8383
-2.075797,52.9124
-1.927094,52.9124
-2.651973,53.64773
-0.555637,51.4336
-1.073607,51.42984
-1.030651,51.4205
-1.088169,51.42097
-1.059225,51.42973
-1.788646,50.92931
-3.996186,51.56982
-2.724928,56.05527
-1.641882,52.60489
-6.430465,57.46812
-3.142108,52.66106
-3.051023,52.34589
-5.450462,57.3927
-1.604476,53.23088
-1.812915,53.69744
-3.029824,55.80691
-5.43274,56.03659
-6.395372,58.21064
-2.184264,49.221
-3.461433,55.95619
-3.12332,55.95075
-0.906888,50.97025
-2.662812,52.93709
-4.149512,55.94341
-1.438411,53.26568
-2.638134,51.4475
-0.778054,53.39652
-0.952147,53.0431
-1.032947,52.99839
-1.123277,53.35641
-1.327425,53.4638
-2.740983,56.05518
-1.896283,52.42379
-0.067109,51.436
-0.068546,51.43603
-3.162093,55.96207
-0.853402,53.30693
-1.377351,53.44879
-0.151697,52.78522
-0.021453,52.97552
-0.52197,53.23451
-3.380133,55.92209
-3.237785,55.9245
-1.045434,53.87985
-0.66615,53.31981
-2.031269,49.22613
-2.033161,49.19732
-0.153369,52.78075
-0.175189,53.32051
-0.155763,52.77674
-2.30136,51.65745
-0.724399,53.35506
-2.079125,51.87899
-0.721709,53.44492
-2.979333,53.41179
-2.78092,56.04505
-4.622481,50.72509
-1.399767,53.94011
-0.760516,53.40488
-0.776293,53.40549
-1.399896,53.93113
-4.718845,58.56447
-6.386086,58.21478
3.35065,50.32227
-0.998284,50.92566
7.40578,46.97357
-1.420929,53.4553
1.007469,52.33476
-2.694149,56.04017
-0.931115,53.19978
-0.707435,53.17059
-2.70995,56.02661
-1.201648,53.34347
-1.197851,53.3457
-1.770866,53.35132
-1.489726,53.36932
-1.190471,52.94113
-1.965216,51.71223
-3.012566,55.94093
-3.13707,55.92816
-2.180051,49.22547
-0.474185,54.25551
-2.761352,55.90725
-2.745359,55.90735
-0.672806,53.32303
-2.709764,53.4856
-1.120907,53.43504
-0.822157,53.35157
-0.729736,53.17533
-0.577195,53.2635
-0.874608,53.35657
-0.876969,53.2667
-0.727075,53.2652
-0.733182,51.25581
-2.368633,52.37247
-1.777006,53.18189
-2.369384,52.46237
-2.370898,52.64216
-1.632724,52.55228
-1.927836,52.46292
-0.620727,51.1826
-1.310994,54.38048
-5.300666,50.19059
-2.712465,51.4156
-0.550838,51.19839
-0.015397,51.26787
-0.041495,51.3452
-0.041878,51.33621
-0.67001,53.4129
-0.790337,53.41418
-2.979746,53.42976
-0.659205,53.27794
-0.278,51.30283
-0.688366,53.30523
-2.97892,53.39381
-0.171357,51.56357
-0.04565,51.56784
-0.616958,51.30845
-0.131612,51.24775
-0.261173,51.23176
-0.102973,51.24729
-0.576712,51.21804
-0.188624,51.56474
-3.176062,55.86804
-0.162488,51.56883
-0.789547,53.41552
-2.181413,49.22638
-0.580669,53.3849
-2.075955,53.00229
-0.617127,53.18756
-0.127732,51.57187
-2.895464,55.7226
-3.166087,55.93508
-0.521274,51.22769
-0.108102,51.55807
-3.472469,55.95157
-4.372175,54.25125
-0.106473,51.56254
-1.646031,51.8106
-0.10666,51.55805
-0.572985,53.27739
7.53819,47.5132
-0.785034,53.41547
0.07899,51.46902
-2.778246,55.95207
-2.074263,52.0134
-3.294558,55.94728
-0.325566,51.43054
-4.105926,50.40684
-0.376996,53.99357
7.60484,47.60306
-2.081085,51.75716
-0.566971,51.4162
0.054527,51.24463
-0.78872,53.99842
-3.219254,54.16911
-1.08106,54.57622
-1.019419,54.53395
-0.760353,54.43855
-3.264938,54.98426
-3.209027,53.28833
-3.091771,53.42565
-3.351926,56.03113
-0.121336,51.55199
-1.070072,51.4977
-0.146735,51.56588
-0.967043,51.05128
-1.426924,52.10239
-2.659163,51.30891
-0.232641,51.35948
-0.227704,51.35716
-2.666258,51.30347
-0.712421,54.49197
-3.16439,55.87849
-1.192925,54.51276
-3.184468,55.90795
-1.499838,51.58574
-1.584311,51.6607
-1.012071,51.64829
-2.053342,53.39197
-4.133089,50.41624
-2.702916,53.4816
1.72261,52.45829
-3.240512,50.6792
1.053728,52.15371
-2.805097,52.54561
-2.467118,56.70832
-3.851972,53.32547
-4.364861,50.74455
0.619951,52.23609
-2.168414,51.86496
-3.295043,50.80901
-0.956173,51.05883
0.898429,52.01373
-3.218451,54.68726
-3.532405,54.49675
-1.071575,51.84838
8.06811,47.42159
-4.314284,55.94043
-3.724709,55.98739
-3.239334,55.973
-3.467097,50.77369
8.6613,47.28191
-1.902613,53.87866
-1.954028,50.59766
1.586595,52.14319
-3.968366,56.19177
7.5376,47.1984
-3.733632,56.70298
-4.402249,55.79628
-4.167239,50.53208
-4.398679,55.80309
-3.711854,56.29444
-4.433286,55.92285
-3.931074,56.12317
-1.184254,51.63792
7.40558,47.28838
-1.131238,52.66608
-1.110503,52.66772
-1.12919,52.65752
-1.099257,52.67528
-2.887958,53.35857
-2.355644,51.66674
-4.485299,51.73989
-3.491101,50.72573
-3.862514,52.28508
-2.971132,53.415
-2.98022,53.41762
-3.501129,50.72919
-3.244592,55.83727
8.9534,45.92889
-1.120384,52.61745
-1.136223,52.63825
-1.080303,52.62704
-1.139178,52.63827
-1.112891,52.62279
-1.050546,52.63669
-1.162681,52.64563
-0.558024,52.73961
-1.145823,52.60056
-1.137134,52.66702
-1.095074,52.62715
-1.162355,52.66271
-1.184798,52.64848
-1.156563,52.65637
-1.173246,52.63401
-1.172907,52.65199
-1.120168,52.62824
-1.15352,52.66085
-1.078731,52.63152
-1.13026,52.60359
-1.159099,52.63976
-1.158754,52.65774
-1.070825,52.62112
-1.159787,52.6038
-1.070444,52.6391
-1.129547,52.63955
-1.218204,52.64016
-1.099995,52.63932
-1.040893,52.63886
-0.11398,51.55547
-2.673723,51.66534
-2.873218,52.89348
-2.640532,53.39162
0.516944,51.44695
-1.294312,53.82494
-1.156399,52.58805
-1.148427,52.61856
-1.091673,52.6487
-1.205317,52.41308
-1.090158,52.65049
-1.177611,52.63764
-1.109225,52.65782
-0.619676,51.19382
-2.888706,53.39452
-1.160131,52.58583
-1.099626,52.6573
-0.507839,52.66931
-4.40581,52.19163
-1.248712,52.36841
0.229384,51.45277
-1.139284,52.63287
-1.219853,52.67209
-1.139301,52.63198
-1.180885,52.62058
-1.127554,52.62829
-1.075435,52.64768
-1.542365,52.73176
-0.447435,52.7045
-1.010937,52.6566
-1.217562,52.67612
-0.795831,52.81778
-1.074565,52.6189
-0.488872,54.27367
-1.100732,52.60337
-0.799577,52.81647
-2.709464,53.46763
1.17002,51.09784
-1.613774,53.8601
-1.362531,53.38264
-2.068867,54.61159
-1.167813,53.34549
-1.580849,54.11165
-2.3608,54.09386
-1.572905,53.39257
-1.542736,53.40145
-2.787134,54.04015
-1.217251,50.5946
-1.728502,54.92089
0.044679,51.66746
-3.21786,55.95255
-1.21287,53.3458
-0.161656,50.85253
-2.008739,55.7636
-1.123971,52.65973
-2.313492,52.36409
-2.570479,52.36312
-2.514577,52.73287
-2.630362,52.54622
-2.659866,52.54696
-3.274021,55.90705
-1.322451,53.53973
-1.96827,52.52092
1.133052,52.13813
-3.221878,55.82581
-1.181627,53.40851
-1.1818,53.39952
-3.223474,55.8258
-2.134737,57.16503
-0.531482,52.20523
0.188846,51.61316
-3.201698,55.8961
-3.244535,55.83547
0.207883,51.52917
-2.857911,53.35879
0.183557,51.54806
-0.456299,52.45287
0.016358,51.43639
-2.30547,53.95066
1.00234,52.15053
-0.277164,51.47435
-3.243053,55.83908
1.332298,51.27817
-0.453505,52.32247
-7.507216,53.7602
-6.966871,54.21407
1.206425,52.07095
-1.161172,53.49241
1.047644,52.09676
-2.100821,52.48223
-2.099349,52.48223
-2.670321,53.37347
-1.561039,54.03204
-1.504906,54.06642
-1.059207,54.1806
-2.344296,52.35951
-2.379213,54.43532
-2.003604,52.10468
-2.075975,51.73424
-0.480918,51.73389
-1.042797,52.21184
-0.011296,53.4869
-4.165807,51.09917
-3.187567,51.4095
-1.556654,53.50936
-2.972363,54.41852
-1.331057,53.47236
-2.653137,51.74189
-1.783696,53.33921
-1.376908,53.42766
-3.395474,51.50837
-3.180948,51.40372
-1.286316,53.44514
-2.297396,51.60396
-1.6617,53.57263
-1.196499,53.4176
-0.828185,53.71438
-3.043612,53.27191
-1.55423,53.81181
-0.018701,53.48972
-0.834527,52.61903
-2.634332,49.44957
-1.677348,53.50076
-1.631967,53.51861
-1.631889,53.52759
-3.788455,53.099
-6.670358,55.06507
-0.449542,54.35991
-0.162341,52.81415
-1.228416,53.856
-1.59439,54.29144
-4.537488,55.45875
-2.655296,49.4272
-2.893877,54.38812
0.664962,52.13166
0.321401,52.73015
0.785538,52.27231
-1.365173,53.45772
1.571693,52.73053
-1.740165,54.44058
-0.396691,51.86315
0.145058,52.71324
0.292967,52.71047
-8.230937,54.26365
-1.279148,53.86755
-0.317147,51.24832
-0.666996,54.46452
-3.442075,58.49891
-3.30437,58.92568
-1.445398,54.0028
0.640075,52.26666
-8.221436,52.46667
0.708807,52.25207
-7.629865,52.82574
-2.578127,52.49884
-3.27782,52.06494
-3.5727,51.73767
-1.934473,52.45349
-4.058844,53.17779
-4.128758,53.12396
-3.831092,53.10059
-4.253674,53.18325
-3.54085,52.3104
-3.036522,51.94458
-3.025324,51.64437
-3.114057,57.45482
-7.135958,55.24892
-0.477897,51.82377
-0.258125,51.69033
-2.016856,52.39417
-2.647375,51.84531
-1.86548,53.83683
-2.01536,52.32045
-0.185827,53.82903
-3.232899,52.55092
-0.544572,54.43614
-3.854083,51.90666
-1.592948,54.20381
-3.375839,52.85276
-3.591862,51.47889
-1.06427,53.95594
-0.488604,53.86019
-1.416253,53.85032
-2.586596,52.36035
-0.465653,52.18326
-5.584537,57.44424
-0.206967,53.70755
-0.413587,51.8989
-1.583216,50.74936
-0.279887,53.7585
-0.341239,53.74139
-0.22835,53.90158
-1.629613,53.78825
-0.430498,53.78754
-0.400837,53.76917
-0.991979,51.64182
-4.74505,52.79077
-0.567362,53.78026
-0.966042,53.61358
-3.385904,58.59744
0.788018,51.17099
-1.462314,53.81458
-2.059355,53.39107
-1.35504,53.87697
-0.967642,51.02431
-7.48888,52.19617
-9.910138,54.06903
-1.621822,53.81069
0.552169,52.07571
-7.620392,53.90391
-8.220987,52.3768
-1.782419,52.10313
-0.222988,50.92093
-7.18486,52.82352
-6.232551,54.34075
-4.312735,55.76655
-3.410971,52.81414
-0.312643,52.361
-0.1806,51.99938
0.225017,51.36292
-7.456523,54.80164
-2.514466,52.28202
-1.31518,53.98909
0.843638,52.06903
-7.458922,54.62199
-5.771629,54.33312
-3.374396,51.64574
-3.68329,55.95651
-9.129605,53.44995
-6.881295,53.09062
-7.024419,53.36145
-0.574205,53.35336
-0.927955,51.1993
-2.793237,51.47128
-3.206193,50.74836
-0.791904,50.9282
-1.485246,52.55173
-2.529605,53.54047
-4.072106,51.09592
-0.917387,51.6488
-9.149087,54.16855
-1.484192,52.64162
-6.430404,53.17539
-3.843364,55.95421
-0.850285,54.25519
-5.929756,54.24608
-6.427116,53.26521
-3.05257,56.32291
-2.679052,53.44983
-7.613725,54.62258
-6.407008,53.80409
-4.185274,50.46429
-9.302158,54.167
-2.663732,52.46108
-4.189428,50.55415
0.013717,53.07518
0.238185,51.63246
-7.005487,54.16992
-8.661479,52.37516
-0.198582,51.55005
-6.420485,53.44484
-2.519744,52.7315
-3.556078,52.72243
-3.921941,50.91862
-8.987467,53.81061
-9.404031,52.63828
0.430876,52.52788
-10.03221,53.43801
-9.601326,53.98369
-4.758716,50.632
-6.131454,53.17108
-7.160402,54.08126
-6.244018,54.07137
-7.470529,53.72366
-0.636472,51.37612
-2.375537,53.18151
-1.479919,53.00118
-3.425722,53.26346
-6.270057,53.44276
1.147635,52.24117
-7.040496,52.64271
-8.513612,52.28603
-1.628924,53.00174
-1.627375,53.18152
-7.174603,53.36258
-2.819267,52.9096
-0.857721,53.98562
-8.652257,51.74612
-2.07692,53.54162
-5.602338,54.59945
-0.042852,51.81733
-1.929123,51.65377
-6.579907,53.17727
0.093803,51.63513
-0.74541,52.6361
-7.779575,52.55653
0.085569,51.45542
-7.614574,54.53275
-6.998967,54.43939
-2.073672,51.65377
-0.568175,53.53307
-1.45951,54.61894
-0.56208,53.71278
-2.670584,52.91053
-2.379519,53.63092
-7.034547,52.91225
-7.326214,53.27368
-1.318112,53.80935
-7.776358,53.18553
-2.355084,50.66413
-8.075062,52.91615
-8.364141,51.92711
-3.107454,52.54766
-6.713232,53.71791
0.199286,50.8238
-8.384396,54.26326
-9.108668,52.64142
-9.288249,53.71791
-2.651843,51.65198
-2.94842,52.00961
-1.328127,53.18021
-0.768008,51.82716
-2.074413,52.10331
-2.650557,51.56207
-1.781981,52.19304
-5.285969,50.07855
1.359238,51.15597
-2.377117,53.36128
-8.823413,53.18289
-2.868591,55.33595
-1.310722,54.2587
-2.077084,53.6315
-0.202123,51.46018
0.562472,52.25534
-1.200078,52.01071
-6.558737,53.80601
-6.739935,52.81962
-4.012744,56.1313
-4.968375,51.70619
-3.402307,52.54454
-7.925314,53.54511
1.229042,51.33954
-7.178059,53.1829
-1.927982,52.37302
0.359305,51.18042
-3.718235,53.0798
-3.900054,50.37936
-1.622628,53.72081
-8.535525,54.083
-0.631103,51.5559
0.687142,51.89284
-2.382782,53.99043
-6.262718,53.62237
-8.363417,51.83724
-3.99182,52.53608
-2.541138,54.4392
-8.378662,53.63438
-0.298804,52.72044
-9.099679,52.28203
-2.074715,52.28312
-0.352462,51.28254
-2.516561,52.46182
-7.003325,54.25975
-1.629692,52.91185
-8.662825,52.46502
-3.390967,52.18504
-0.919523,51.55891
0.930868,51.1675
-2.641733,50.93268
-3.952192,51.63756
-8.957051,52.46301
-2.506305,51.56278
-3.772927,50.74112
0.860897,52.33841
-3.014757,54.8855
-2.378714,53.54104
-0.775307,51.55749
-2.236956,55.1591
-3.572291,53.17172
-2.081301,55.78828
-6.389746,54.25311
-2.22879,53.72119
-9.580991,53.44483
-7.770052,54.35348
-0.742832,52.72598
-7.183173,52.91336
-8.229446,53.99413
-6.277318,53.26314
-3.257458,52.63607
-0.195023,51.63992
-1.636425,52.10277
-8.795452,51.65536
-7.050203,52.19345
-1.498458,51.38298
-1.492472,51.92243
-0.244191,54.06811
-1.64003,51.65324
-1.30619,54.52829
-2.677622,53.35995
-7.927898,52.01752
-4.326052,50.46156
-6.567907,53.53656
-8.36487,52.01698
0.855114,52.24862
-2.840294,53.9881
-2.982235,53.53761
-1.321012,53.6296
-3.275843,53.26516
-6.862242,53.80927
-7.038523,52.73256
-0.760593,52.09682
-1.487338,52.37193
-4.020829,53.16495
-7.77204,53.99414
-8.808298,52.37425
-2.498476,50.84346
-2.717473,55.69636
-0.119769,53.43697
0.149477,52.80307
-2.659707,52.19139
0.798913,51.35061
-2.393897,55.15869
-2.365668,52.01286
-6.859802,53.8991
-4.060143,50.82633
-3.788174,58.20125
0.502235,51.17745
-6.539941,54.34487
-2.225906,53.18188
-3.363077,55.96046
-1.05629,51.91974
-1.159059,54.16786
0.557307,52.16552
0.714295,52.34187
-0.468738,52.09339
-1.337774,52.55099
-1.634956,52.28258
-6.044631,55.05663
-1.478837,53.09107
-2.847613,54.34756
-6.564867,53.62637
0.793451,51.2608
-5.152325,50.17222
-7.616259,54.35309
-3.242234,52.09679
0.401574,51.98895
-6.066218,54.60775
-4.544783,51.896
-1.926021,53.54162
1.128714,51.97186
-1.471094,53.72024
-0.386463,54.33976
-2.827864,53.359
-9.124865,53.27029
-3.519675,55.86877
-5.911565,54.60518
-1.460697,54.52908
-8.529824,53.63381
-4.453818,52.88707
0.995344,52.15521
-8.665537,52.64473
-6.729425,53.17896
-0.187849,51.81965
-7.636584,52.01698
-2.976043,53.26799
-1.067422,51.38034
-1.925865,53.6315
-3.096286,52.09823
-1.926486,53.27197
-0.058267,51.45789
-4.30216,55.58699
-7.773503,53.72461
-7.461294,54.44233
-3.353684,55.69099
-7.172861,53.45242
1.59342,52.31838
-6.423809,53.35503
-3.040384,55.87376
0.089675,51.54527
-3.621964,50.47351
-0.617435,52.00532
-2.079832,55.06944
-0.147019,52.80807
-1.030934,53.08827
1.079678,51.25362
-2.076757,53.45173
-0.869848,53.53631
-9.25379,52.5501
-0.789569,51.0181
-6.413783,53.62447
-1.038923,52.72875
-1.785,51.56368
-8.664177,52.55488
-1.620196,53.99045
-7.009774,53.99027
0.077419,51.2757
0.043621,53.70398
-0.60624,52.36483
-8.955108,52.37315
-8.362696,51.74737
-0.417362,53.53117
-4.263417,52.0816
-2.527372,53.36071
-1.217211,51.02175
-6.12754,53.26088
-1.928559,52.01341
-2.360627,51.38349
-0.649653,50.92664
-1.329528,53.09032
-0.35567,51.19266
-4.743052,50.36252
-6.667371,55.15487
-0.758096,52.18671
-6.737328,52.90946
-7.153067,54.44057
-2.662383,52.37119
-7.619574,53.99375
-3.39945,52.45466
-3.469206,54.52135
-0.176946,52.08924
-8.825138,53.27274
-6.216965,54.69991
-2.380328,53.7208
-3.27052,53.08543
1.141295,52.1514
-0.054443,51.54775
-9.757469,54.07136
-1.626594,53.2714
-2.790134,51.29146
-1.32672,53.27009
-8.989584,53.90044
-5.906955,54.69495
-1.304663,54.61815
-2.99708,54.16667
-10.10359,51.81899
0.692516,51.98265
-0.904338,52.18815
-1.369024,60.27769
-2.362049,51.56332
-4.202019,50.82374
1.222745,51.24976
-7.776825,53.09567
-4.214805,51.09331
-1.781541,52.28294
-0.740241,52.81585
1.433096,52.14326
-0.772886,51.64738
-8.821698,53.09305
-2.073381,51.47394
-9.251237,52.46026
-7.92731,52.37699
1.300515,52.32693
0.416109,52.25842
-6.690806,54.43644
-3.540289,52.27309
-3.109723,52.63754
-5.747009,54.78193
-3.531013,52.00348
-0.750525,52.45635
-3.475694,54.70103
0.425928,52.43807
0.207775,51.00351
-8.526477,53.36428
-8.527587,53.45412
-1.785843,51.38385
-9.24617,52.28057
-0.135465,53.07761
-7.777289,53.00582
-4.803224,55.93611
-2.834909,53.7185
-1.212635,51.29148
-2.684851,53.80933
-0.002875,52.71582
-7.342647,52.19544
-2.525164,53.18094
-2.078428,54.35051
-3.822219,51.99933
-1.929401,51.47394
0.233773,51.54262
-7.1658,53.81177
-1.454695,54.97838
-2.220854,52.19303
-4.06411,50.9162
-7.622818,53.63439
-4.60261,50.36575
-2.526265,53.27083
0.512016,51.35712
-3.645383,55.05835
-2.815892,52.72983
-1.359776,51.02262
-4.174845,53.25214
-2.68049,53.53971
-2.812553,52.55005
-7.924014,54.26384
-4.613171,55.49086
-6.715967,53.62809
-1.3418,52.28131
-1.218721,50.93184
-1.340465,52.37121
-1.490434,52.10223
-7.181477,53.00321
1.600715,52.4081
-3.818579,51.90947
-8.975007,53.27161
-0.115792,53.5268
-0.845259,54.43489
-6.594549,52.72812
-3.699064,56.31573
-0.588999,52.90405
-0.753062,52.36647
-6.682139,54.70586
-3.396607,52.36479
1.134988,52.06164
-0.507416,50.92491
-1.071057,51.20053
-7.632891,52.4663
-2.665088,52.55097
-2.084241,57.13588
-1.188651,52.63996
-1.345763,52.01161
-2.642974,51.0226
-0.035024,51.99704
-6.576931,53.26709
-6.734708,52.99929
-3.663328,51.64201
-0.58017,53.17364
-9.120176,53.09062
-1.215693,51.11166
-1.612656,54.79926
-0.393461,54.16008
-0.20915,51.28044
-1.050592,52.18942
0.521898,51.53677
-2.668226,53.28764
-0.354454,51.8266
-0.540798,53.2316
-4.318068,55.85632
-4.153475,55.76944
-4.158442,55.85923
-0.967735,53.0774
-0.864048,53.10342
0.860755,51.07479
8.55764,47.38191
-0.96408,53.07422
-2.92275,50.75095
-2.366404,52.10276
-2.645476,51.20243
-1.784576,51.65359
-2.508314,51.7426
7.61793,47.54009
-2.929896,51.11059
-0.205645,51.37031
-2.781013,50.75198
-2.655744,51.92169
-4.527599,54.14426
-1.615211,54.52967
-9.526794,51.91777
-2.221302,52.28293
-2.227336,53.45154
-9.264139,52.90945
16.24,47.81
16.21,47.72
