"lon","lat"
1.197211,52.631331
-1.071583,53.968228
-0.96176,52.704272
-0.040913,51.500021
-0.547876,51.428822
-0.891529,52.555298
-1.160739,52.669887
-0.872451,52.551522
-2.88222,53.337427
-0.083892,50.858546
11.738695,44.657995
-1.171132,52.923047
-0.053768,51.587406
-2.362589,51.369934
-3.131182,51.497754
-0.106759,51.559431
9.736519,45.714111
-0.1066,51.559956
9.736553,45.714755
11.905133,44.590565
0.640618,51.542441
-1.081812,50.988191
-0.549526,51.880733
-2.614533,51.421067
-1.316088,53.744683
-0.548094,51.872384
1.347888,52.34043
-2.9402,53.738153
0.128061,52.167513
-0.546623,51.859707
-2.973444,53.34435
0.765091,51.552582
-0.548375,51.874419
0.74086,51.037223
-0.79764,52.587871
-0.749656,52.562291
-0.79561,52.53265
-1.46615,53.563743
-1.467767,53.564254
0.904813,51.376503
-0.548378,51.888062
11.668582,44.611276
-0.469238,51.530316
-0.565058,51.879033
-0.529517,51.430093
-1.917256,51.634308
0.846353,51.026322
-2.876188,53.455097
-1.703547,54.934383
-0.538824,51.423902
-0.551826,51.893379
-2.728772,53.35713
1.113711,51.254133
-2.874978,53.454292
4.007388,51.683191
1.58069,52.670125
0.181334,50.823229
-0.558111,53.209227
-0.551511,51.85983
-0.543886,51.872507
-0.547349,51.861945
11.675762,48.437872
-0.529381,51.429996
-0.530678,51.42989
-3.292178,50.765403
0.627707,52.268648
-1.20179,52.417055
-1.249635,52.482907
-0.570592,51.8798
0.025328,52.327191
1.073884,51.3229
-0.545588,51.908457
-1.325767,51.693216
-2.659609,52.922156
-0.18554,52.336816
-0.039138,51.575985
1.223824,52.619466
0.51828,52.852717
1.033064,51.245523
-0.549647,51.879517
-2.04075,52.466069
-0.5303,51.429075
-2.852648,53.559162
-0.101847,50.94778
-2.700167,53.718497
-0.056292,50.868375
0.771177,51.575501
0.710772,52.082677
0.019197,50.805941
-1.153066,52.607802
-1.443801,53.633423
-2.599802,52.073383
4.61704,50.872968
-0.437004,50.806331
-1.300778,53.742237
-2.183467,52.233352
0.526715,50.877595
-1.718322,52.443371
10.147474,46.022815
-0.053961,51.589435
1.627275,52.24292
0.920438,52.613137
-1.150957,52.609277
-1.199622,52.528609
-2.122496,52.554717
0.714937,51.574141
-0.268378,51.494105
-1.166402,52.605368
-1.330423,51.11828
-0.629188,52.301237
9.293575,48.897564
-0.897058,51.618881
-0.580192,51.890144
0.646419,52.303371
4.317678,50.472175
-0.37073,51.4351
-1.066293,53.932805
1.214282,52.628949
1.222703,52.630815
-0.549078,51.888204
-0.580499,51.88938
-1.311097,52.700523
-1.119954,52.664692
-2.86501,53.434141
1.193733,52.639355
-0.113849,50.856829
-0.110333,50.852867
0.662383,50.9143
-1.940257,50.978001
0.480725,51.534713
-0.053642,51.585003
-1.1154,52.718103
-1.168001,52.598918
4.75,53.05
-1.102687,52.688341
-1.063478,53.957287
-1.175501,52.592677
4.55,52.4
4.3,51.95
-1.265739,52.669685
-1.112003,54.255153
-0.384989,54.161317
-1.339215,51.419906
1.229238,52.62093
-2.643174,51.47602
-2.630538,51.468803
-0.024038,50.860326
-2.600285,51.47509
3.9,51.25
-1.102028,52.623024
0.804372,52.758146
-1.264821,52.887095
-0.763348,52.023573
-0.598575,52.669114
-1.297514,51.836011
1.262059,52.597937
1.535249,52.170254
10.049062,45.12607
-2.717842,53.391067
1.201969,52.514439
-2.870683,53.45617
9.826289,45.588797
-0.975863,51.158734
1.489044,52.078762
-1.182398,52.697907
-0.625613,50.937862
-2.398849,52.261745
-2.185855,51.780373
-1.081846,54.023041
-3.243584,51.415257
0.12927,51.620999
-0.878725,52.883315
1.234823,52.614442
1.258263,52.5982
-2.737325,53.349343
-1.202059,52.910431
-2.794431,53.33345
-1.068752,52.614361
-1.372942,53.339105
-3.579585,50.491628
-2.773531,53.341613
-3.305311,55.981308
-1.061914,53.959073
0.486568,51.377897
-1.061955,53.957275
0.449527,51.330112
-1.061934,53.958174
0.449294,51.379581
0.24021,52.180403
0.687127,51.597963
0.397058,51.861798
-2.64905,53.376698
-2.826624,53.331907
-2.657769,53.446018
-1.407907,53.595169
-1.127661,52.622901
-1.05876,52.560297
-1.150913,52.608371
-1.312703,52.974714
-0.69524,52.658485
-1.060411,53.958162
-1.275338,54.569001
-1.027962,52.545484
-1.252485,52.579703
-0.617092,51.803455
-0.61143,51.798893
-2.716976,53.372528
0.812232,51.71949
-0.767407,52.930757
0.338497,51.946324
-0.083908,51.572938
1.274413,52.602
-1.374811,53.339699
-1.374355,53.340056
-1.163254,52.75886
-2.338517,51.405587
-2.898397,55.98854
-2.896795,55.988552
-1.977486,51.779214
-2.143685,51.373034
-2.833512,53.328894
9.740039,45.630777
11.835811,44.519197
0.68101,52.454434
-1.082172,53.94392
-1.090287,53.49086
-0.694367,51.889758
-3.227804,51.69516
-0.469569,53.694108
0.075139,51.357419
0.237062,51.592517
-0.378645,51.45444
-1.077386,52.625217
-0.35062,51.559617
-2.870935,51.177094
-0.837308,52.284503
-0.386142,54.161197
9.771534,45.745204
4.65,52.35
-1.049169,53.849317
3.85,51.3
-1.052249,53.847543
0.186187,52.073975
11.08955,51.823122
4.75,52.4
-1.167979,52.678029
-1.187571,52.658387
-1.254445,52.63815
-1.186093,52.658377
-1.086832,52.657609
-1.127017,52.65526
-1.077917,52.624547
-2.374179,51.37131
-2.871646,51.161712
-2.798825,53.413132
-2.374023,51.371598
-2.890652,53.340077
3.136736,51.291003
-2.6809,53.3369
5.15,52.05
-1.189033,52.659296
-0.772174,52.920018
-1.303127,52.550345
-1.077648,52.616274
-0.842677,52.562023
-0.587812,52.734571
-0.887052,51.381911
-2.356724,52.078968
-4.156458,51.663208
-1.994923,51.368311
-0.448231,53.067128
-2.223056,51.608172
-2.863499,56.004962
-2.857165,56.008601
-2.983239,53.356069
-2.827525,51.575794
-2.981819,53.519634
-2.888332,53.376544
-2.624348,51.356666
0.722474,51.912264
-1.359376,50.896272
-0.517165,51.444358
0.177878,51.293412
4.65,52.4
5.85,51.85
4.1,51.95
4.75,52.35
4.35,51.95
-3.083265,51.558875
-0.396051,51.881124
-1.333158,51.42104
-1.282305,54.568593
1.42905,51.339918
-1.419197,54.731091
-0.945531,51.397783
-3.085918,51.518837
-2.859359,53.430689
0.54782,51.883802
-1.326281,50.874054
3.7,51.3
-0.955445,51.659487
-3.512892,51.464199
-1.483186,52.582777
-1.277456,51.7743
-1.265027,52.88813
-2.985579,53.681398
-2.739574,53.329424
-2.813757,53.423965
-0.534062,51.33178
3.9,51.35
-1.176767,52.682586
-2.537691,50.752053
-2.26106,52.188904
-4.176685,54.875492
-2.613787,52.573726
-0.352602,51.41878
-2.739589,53.467446
-2.74231,53.463699
0.779546,51.800311
-0.369548,53.919567
-0.607905,53.157006
-0.169382,54.146797
4.15,51.55
-0.871746,52.808633
-1.168098,52.671737
-3.476719,55.894906
-2.616107,56.262151
-0.246123,52.018807
-3.476684,55.894008
-2.892899,56.374927
-3.467297,55.899512
-2.89292,56.375826
-2.617074,56.262056
-2.859722,53.448664
-2.407347,51.385586
-2.877714,53.404803
-0.105332,54.128881
4.15,51.3
4.014167,43.555832
-0.611902,53.879213
-0.634946,53.872286
-1.351135,51.421051
-0.60731,53.880058
-2.64145,53.357677
-1.187554,52.659286
-2.458364,50.514716
-2.626842,51.507385
10.85785,52.31007
5.93558,48.93898
-1.164832,52.6879
-0.562713,51.78032
-2.627449,51.5078
-1.243906,53.9244
-1.282541,51.38388
-0.957323,54.57522
-2.297356,52.36682
-1.250142,53.91635
-2.509801,51.42385
0.781303,52.69496
4.6,52.45
4.6,52.5
0.250873,51.12572
5.72331,43.43766
-1.204207,52.63782
-0.695625,52.54611
-0.881604,52.88694
-1.539843,54.15419
-0.803045,54.05744
-1.181441,51.38834
0.135163,52.22558
-0.801907,54.07046
-0.791911,54.07261
-0.790775,54.05912
-0.78772,54.05909
-0.875233,51.45373
-1.540042,54.17077
-0.440971,53.68924
0.389383,52.0472
0.684691,50.89028
5.8,51.95
4.3,51.85
0.133072,51.11048
6.85,53.15
-3.368986,51.46597
-1.258296,52.58513
-1.479234,54.89312
-1.84707,54.30146
0.919645,51.90304
1.202262,51.09206
-1.549478,54.18343
1.018073,51.80972
0.238618,51.11854
-0.379083,53.68393
0.133581,51.11057
-2.080896,52.05521
-1.322753,51.77681
-1.305973,53.48615
6.46628,44.59974
-1.333001,51.42194
-1.115206,53.49572
-0.119468,50.84705
-1.569786,54.21991
-1.574433,54.21543
-2.855502,56.00592
-2.858709,56.00589
5.15,52.35
0.219318,51.11314
0.169752,52.17819
-3.05294,53.59278
-2.203811,50.85469
-2.242168,50.85461
-0.850055,54.23586
-2.114153,55.84351
4.65,52
0.245636,51.182
-4.245418,51.72224
-3.245034,51.65344
-1.338293,51.40407
4.4,52.2
-0.590694,51.76628
0.175736,52.03245
-1.134753,52.64907
-0.262151,52.12222
5.65,51.95
-0.384637,53.79592
10.61676,43.10092
4.8,52.3
-3.171025,51.40922
-1.113387,52.67134
-0.875544,52.89137
-0.903029,52.80353
0.108968,51.3853
-0.62923,50.8711
-0.740025,52.04702
-1.725129,53.97873
0.107532,51.38533
-2.983698,53.35643
-3.310377,51.65857
5.55,51.65
-1.025437,51.83362
-1.07676,52.61636
-0.18633,51.40463
-1.190283,52.99102
0.051157,51.47446
-2.771448,53.34271
-1.573602,53.09639
0.196569,51.36431
-0.739327,50.81222
-1.56398,54.86339
-0.598972,52.067
3.45,51.35
4.7,51.65
3.35307,48.45988
-0.948583,52.75989
-1.139565,52.64488
-1.064777,52.61725
-0.618019,51.80396
-0.780548,53.75565
0.052596,51.47443
-0.568078,51.77801
-3.144689,55.96943
-1.186259,53.99144
-0.782345,53.14037
-0.810874,53.75596
0.109009,51.3862
-2.955864,53.37153
-0.02273,51.39749
4.7,51.8
-2.676958,53.4297
3.36134,48.46378
-0.358808,51.88645
-0.972563,54.58434
-2.62201,51.05419
1.204674,51.09285
-0.186366,51.40374
-1.948075,51.29586
-0.385305,51.87693
0.148893,50.76223
4.4,51.8
-1.128478,52.65617
-1.395392,52.70458
0.030967,50.88293
-0.052996,51.26522
-1.585737,53.82778
-0.657444,53.78715
-0.402203,54.28887
-0.308992,52.0521
-2.019862,53.97832
-3.311453,51.39244
4.6,52.4
1.310411,52.54746
-0.658961,53.78716
0.404305,51.33694
-4.083441,52.40008
10.43131,45.12566
4,51.2
-0.886265,54.05613
-0.76877,54.28629
-3.244821,51.39991
1.578943,52.13893
4.1,51.9
-0.032472,51.56056
-0.648309,51.30346
2.92957,50.50229
-3.225066,51.46756
-1.283189,52.68777
-0.922907,54.14845
-1.261101,54.41524
-3.460456,50.78817
-2.498453,53.27108
-2.243245,51.72443
-4.614824,50.45992
-2.502558,53.27592
-0.591337,53.22097
-3.003511,51.63826
-0.473248,51.31565
4.85,51.7
3.42041,48.78468
-3.232347,51.73724
-1.127983,52.60672
-0.689719,54.06615
-1.994172,51.6403
-3.248625,51.56577
-0.653184,54.29764
-2.861896,56.00497
-0.560896,54.25613
-2.863519,56.00586
-1.784268,51.56593
-3.200641,51.77038
-0.687607,54.27824
-0.678799,54.16939
-1.781112,50.8668
0.138146,53.62592
-0.662313,54.30044
5.85,51.4
4.2,52.05
-0.696691,52.6594
-1.030568,52.53764
-0.331815,51.08036
-1.439361,51.57994
-0.61776,52.30158
-0.400154,53.78714
-0.510186,51.79284
-0.965414,53.33883
-0.339822,53.77733
-0.046799,52.04445
4.05,51.9
3.75,51.2
2.50736,50.50133
-0.944138,52.75985
-1.16941,52.60252
-0.938277,52.75711
-1.268274,51.39548
-1.274442,51.39623
14.12444,56.01948
-0.822999,52.91064
-0.27485,54.08428
-0.224912,54.08837
-0.556076,53.22279
-2.333518,52.09792
-0.281818,54.08214
-1.178604,52.58461
-4.139839,50.36453
-1.613424,55.34484
4.85,52.4
-0.35809,53.75646
-3.723022,50.79088
3.55,51.3
0.166631,52.23584
1.8247,49.59849
-0.803113,51.73446
0.773224,51.22364
0.17162,52.27801
0.473073,52.00316
-0.211973,52.12408
-0.3751,54.17916
1.12462,51.36139
-0.692981,54.25404
-1.443791,54.06615
-1.453752,54.06395
-1.448655,54.06227
-3.194334,54.10433
0.470988,52.01291
-1.441529,54.0639
-1.535965,54.02161
-1.520805,54.01256
-1.520702,54.02155
1.499896,52.24923
1.70237,48.9679
3.6,51.3
-1.157461,52.60963
1.617906,52.26771
-0.679921,54.06914
-0.848667,54.10647
-0.83013,54.11294
-0.826239,54.09906
-3.431636,51.39778
-0.671758,54.05197
-0.478902,54.35669
-2.771886,53.34198
-0.822124,54.10396
-0.167504,53.90067
-0.85412,54.10841
-0.63554,54.03377
-0.828925,54.10142
-0.83249,54.09975
0.073487,53.23148
-2.533556,51.48758
1.618308,52.26365
5.9,51.9
3.47981,49.15379
-2.654437,51.83179
-1.192068,52.57481
-1.171174,52.58725
-2.861876,56.00408
-0.860012,53.62161
-0.931834,52.23111
-3.603727,50.5592
-0.364393,51.88271
-2.73797,53.37842
-0.82897,54.11342
-0.567056,53.78925
-1.784703,51.1667
1.156391,52.02374
-0.370855,53.75977
-0.568076,51.88559
-0.929022,54.38578
-2.860212,56.00139
-2.855542,56.00771
-1.83312,54.38813
-2.341172,51.37591
0.080526,52.2337
1.6912,50.68619
1.574865,50.26299
1.69376,50.68271
2.37554,49.78229
-2.731963,53.35248
-0.368687,53.81372
-0.43765,52.04308
0.080486,52.23366
1.453934,52.03472
7.950153,51.61666
1.93879,50.76702
-1.286424,52.57991
-1.226027,52.52752
-1.316165,54.53239
0.294697,52.31929
-2.74694,50.88215
-2.754076,50.8839
4.25,52.05
4.4,52.15
-0.647738,53.99193
-0.651466,53.99696
-3.78259,50.23052
-0.653912,53.99205
-3.22259,51.68424
-0.666022,51.91462
-0.661939,53.78899
-2.629785,51.46822
1.492845,52.1595
-0.661247,53.69146
-2.661758,51.83624
-0.300914,52.03242
-2.194889,51.79142
-0.71322,51.78926
2.1059,49.33124
-2.837787,51.15175
-0.299234,52.04751
-0.421677,51.95835
-1.06037,53.95996
-1.615319,54.10592
-1.611944,54.05783
-1.06039,53.95906
-1.06799,53.96002
-1.257384,51.67257
-1.058867,53.95905
-1.061894,53.95997
-0.897994,52.88529
-1.058775,54.09836
-1.053615,54.12349
-1.056923,53.60534
-1.035362,54.11885
-1.50049,51.85503
-1.077022,54.103
-1.02939,54.11251
-1.03685,54.12066
-1.263356,52.53424
-0.505806,52.51195
-1.322196,53.9797
0.387673,51.82331
3.07031,50.41253
-0.663747,54.16114
-0.46884,52.02641
-0.204518,53.76504
-1.847603,54.15677
-0.515138,54.29062
0.119346,53.65816
-0.11921,53.77272
0.226151,52.12278
-0.046572,50.88663
-1.208589,53.13048
-0.721713,51.89905
-3.310243,51.39286
-1.122326,54.4916
-0.020942,53.76485
-0.481782,54.27853
1.011217,51.95694
2.31828,48.6852
4.03887,49.6896
-0.90595,52.80536
-0.769439,54.26383
-3.244017,51.39677
-1.671511,54.39371
-1.225382,52.52649
-1.287743,52.95299
-1.485731,54.6887
-2.607357,51.4054
-0.326639,51.53891
4.25,51.85
3.186,49.40201
1.79733,50.76573
1.94069,50.6773
9.707601,49.98622
-1.193527,52.57572
-1.474274,53.52566
-0.839042,52.86675
-2.548562,51.53787
-2.538607,51.53122
-2.544216,51.53609
-1.248069,50.82027
1.79517,50.85544
-2.641007,51.39578
-0.972575,53.34397
-2.860312,56.00588
-0.690969,53.70977
-0.823564,53.32776
-0.878586,52.88871
-0.568854,51.88627
-1.996117,51.70922
0.99915,51.31233
-2.889081,53.41249
3.790415,49.59275
-0.191137,54.14598
-0.415908,54.17386
-1.182674,51.80605
-0.90897,54.0962
-1.254984,51.67341
-0.965172,51.58783
-2.09182,51.72879
-0.964238,51.58764
4.8,52.4
-0.24264,51.52287
-0.242487,51.52273
-2.582596,51.60604
-1.267651,52.533
-1.57109,51.22186
-0.482541,54.25786
-0.988054,54.05105
-0.60386,52.28887
-0.616266,52.30246
-1.598257,51.22645
-1.597181,51.34964
-0.240463,51.52103
-1.255923,51.67346
-1.583121,51.15806
-0.438103,54.21505
-0.959083,54.04901
-0.23948,51.52409
-1.603825,54.18857
-0.944634,54.07674
-1.605358,54.18857
-0.946366,54.06867
-0.247418,51.52045
-1.673544,51.31301
-0.23234,51.52308
-0.949422,54.06869
-0.964968,54.05804
-0.241281,51.52336
-0.708962,54.28297
-1.686057,51.16108
-2.614288,51.60048
-2.604135,51.59694
6.24948,44.1039
-0.905973,52.80446
-0.920173,54.13585
-1.696014,51.1692
-0.91869,54.13403
-1.697432,51.171
-0.484214,54.12845
-0.92022,54.13405
-0.918666,54.13493
-0.456892,52.64618
-1.477501,53.81464
4.85,52.3
5.05,51.8
4.7,52.4
1.66855,49.83185
-1.17839,52.57629
-0.794373,52.81686
-0.908923,54.09799
-0.908946,54.0971
-1.996944,50.73664
-1.910868,53.24719
-0.727717,53.9978
-0.412547,53.72622
-0.791939,54.43932
-1.997156,50.73636
-0.285458,51.34902
-1.105217,52.58978
-1.266417,53.0917
-2.140949,50.70457
-1.262852,53.0906
-1.580229,51.16165
-0.930257,54.10088
-0.532173,51.55965
-2.140413,50.70524
-2.876732,54.71363
-1.110099,51.43957
-0.951764,51.09611
4.15,51.9
-1.225335,52.52918
-0.559455,54.29745
-0.624469,54.23709
-0.629264,54.27759
-0.579804,54.24197
-0.572382,54.23469
-2.649917,50.77543
-1.572899,54.21543
-0.578774,54.31656
-1.839001,54.40031
-1.657297,54.39364
-0.570911,54.23288
-1.549287,54.41216
-2.161781,50.96323
-2.110901,52.09879
-1.678837,54.3964
-2.630617,50.73875
-2.161896,50.96354
-1.768445,54.34717
-0.155062,53.83755
-0.618123,54.24331
-0.624837,54.27215
-2.643408,51.56661
-2.764598,51.38494
-2.765774,51.38482
-0.604716,54.32225
-2.97309,51.34394
0.112669,53.6457
-0.631606,54.34593
5.36256,43.73311
2.92932,50.68179
2.08027,50.76814
-1.107014,52.69377
-0.567788,53.92364
-1.324827,54.28799
-0.544613,54.41322
-0.44928,53.95722
-2.315776,50.70167
-0.798052,54.20646
-0.481529,54.07628
-1.263267,52.9043
5.5,52.5
2.08191,50.67842
-2.427031,52.67744
-0.666717,54.02095
-0.694858,53.99969
-0.663925,54.01283
-1.378219,54.10852
-0.655553,53.98847
1.545498,52.08597
5.30449,43.54462
-2.8823,51.3488
1.422089,51.99967
4.25936,44.63572
-0.451887,54.14786
5.2,52.4
-2.355518,51.37317
-0.333291,54.22278
-0.620948,54.22533
-0.865306,53.4239
-2.195782,51.79672
-0.549519,54.44056
-1.354323,53.5772
-1.277199,53.58306
3.75,51.7
-1.274742,52.54105
-0.96149,53.9033
-0.947523,53.89097
-0.331278,54.20193
-1.48917,53.79178
-1.311623,53.7419
-0.083862,51.7056
-1.484385,53.81063
-1.296463,53.74182
-2.380165,51.75455
-0.96269,53.96545
-1.273873,52.54015
-2.566101,51.44067
-1.23965,52.56663
-1.472371,53.79979
-0.728897,54.28408
-1.484572,53.79535
-0.864284,54.27644
-0.937758,53.9868
-0.938123,53.97242
-0.870204,54.28459
-0.854448,54.29882
-0.86577,54.27825
-0.928494,53.99121
-0.866861,54.29444
-1.449334,50.98486
-0.87174,54.2846
-0.859504,54.28269
-3.265349,51.38845
-0.865276,54.29622
-0.867059,54.28725
-1.550651,54.42834
-1.240825,51.75474
-0.923919,53.99117
-0.927984,53.95166
-0.722337,54.29749
-1.469346,53.79888
-0.854922,54.28175
1.331288,51.29394
-0.941374,51.08208
-1.378731,52.73146
0.866711,52.4282
-0.491496,54.2018
-0.661523,54.15886
-0.660888,54.15481
-0.646506,54.14971
-0.501603,54.19788
-0.834377,51.22089
-0.626758,52.72064
-3.223259,55.97137
-0.507473,54.20514
-1.33698,54.48757
-0.024052,51.74957
-0.506037,54.20243
-0.435004,54.21591
-0.380133,53.91271
-1.461019,54.44595
-0.364213,53.93048
-0.445902,54.21155
-0.379785,53.9217
-0.998164,54.20213
-3.679368,50.59595
-0.993456,54.20659
-2.479629,52.11
-0.975084,54.20553
-0.621934,54.42806
-0.973596,54.20372
-1.920283,53.64818
-0.806495,53.40131
-0.968975,54.20458
-0.981282,54.20289
-0.982682,54.20829
-0.972063,54.20371
3.07056,50.59205
-1.105792,52.68117
-3.403665,55.95327
-1.211381,54.23562
-0.936879,54.20071
-0.621401,53.52022
-0.869616,54.1938
-0.951637,54.22331
-0.94596,54.20528
-0.885108,54.18766
-1.670401,54.48804
-0.269732,54.1705
-0.926127,54.20151
-0.9179,54.22301
-0.921506,54.20237
-0.881923,54.19212
-0.868083,54.19379
-0.874408,54.18666
-0.122874,52.24709
-1.486352,53.52481
-0.208511,54.13365
-1.109775,51.60411
-1.251615,51.67164
-2.224966,53.00211
-1.457785,53.51749
-2.387008,51.52952
-2.372695,51.54215
-1.512949,52.71366
2.109,49.15145
1.97195,49.15036
-0.858465,54.2647
-2.158523,51.79866
2.92944,50.59205
-1.302248,54.07845
-2.44679,50.52456
-0.873968,54.20283
-1.050601,53.92034
-1.295373,54.12335
-1.307598,54.12432
-0.839447,54.17644
-0.789033,54.17145
-1.294758,54.06942
-1.06264,53.92672
-0.822777,54.16999
-0.792018,54.17418
-0.853033,54.18376
-0.834903,54.1746
-0.851501,54.18375
-0.866379,54.20007
3.75921,49.51193
-1.235905,54.1122
-1.247084,54.0862
-1.256207,54.08896
-0.3868,54.28477
-1.052466,53.97248
-1.220543,54.1157
-2.717187,51.44165
-0.374194,54.06544
-2.148656,51.79679
-0.261384,50.84506
-2.100751,51.83775
-1.025875,53.64105
-1.276442,52.87649
-0.565795,51.22375
-0.144484,51.28393
-2.745268,51.48733
-2.718611,51.44074
-1.281709,52.68776
-1.007162,54.14648
-1.027377,54.13316
-0.129788,51.29269
-0.410125,54.30457
-1.019429,54.14568
-2.201547,51.85371
0.141628,53.62001
-2.132594,51.80823
0.291352,48.70121
-2.874722,56.00488
-0.567362,53.78026
-0.269413,51.39375
-2.398803,51.39461
-0.512311,54.24115
-0.535511,54.23605
-2.222965,52.17639
-3.073446,52.81543
-0.247487,54.1531
-2.349135,51.36693
0.507113,51.26729
0.980574,52.37142
1.81223,50.13744
-0.603576,54.08315
-1.93637,51.64029
-0.123883,53.85505
-2.19346,51.7961
-0.536592,54.1686
-0.498511,54.12454
-1.023767,54.1565
-0.164311,54.12939
-1.072701,54.15959
-0.587103,54.07308
-1.017728,54.15286
-1.038786,54.16921
2.50204,51.03967
1.32366,51.12865
-1.113884,52.71989
-0.678726,54.14526
-1.468054,53.52244
-0.722425,54.1456
-0.885533,54.11486
-0.88245,54.11573
-1.445822,53.91337
-0.270902,52.11313
1.61872,52.53797
1.621677,52.57386
1.590023,52.54784
1.620197,52.55592
-2.301768,52.36771
-2.344444,51.42895
0.79,49.49
1.66067,50.58484
3.63224,50.41093
-1.263614,51.24236
-0.238184,53.57676
-0.635205,54.23722
-0.962029,54.11464
-0.949611,54.12173
-0.633315,54.24798
-0.973998,54.12553
-0.539116,53.259
-0.223008,54.02735
-0.412811,54.25472
-0.223391,54.01837
-0.91515,53.85897
-0.241569,54.03976
-0.300143,51.34025
-0.552867,53.47311
1.36,49.81
1.44,49.8
1.49,49.69
2.09804,49.78055
2.37444,49.87213
-1.392502,54.1778
-1.397202,54.17063
-0.852689,53.89119
-0.485897,54.16622
-0.438256,54.12966
-0.854983,53.89077
-1.407783,51.17124
-0.48524,54.18419
-1.407873,54.17428
-1.397242,54.16794
-0.422884,54.17171
-1.554455,54.36185
-0.387378,54.11955
-1.606638,54.37641
-1.423574,54.25704
-0.852935,53.88221
-1.858486,53.65706
-0.469221,54.16152
-0.493911,54.15644
0.798913,51.35061
2.24211,49.42206
0.287058,52.29921
-1.278188,53.61362
-2.131435,51.88344
-0.689484,54.26748
-0.968035,54.11919
-2.091895,51.72973
-1.355316,53.85899
-0.649763,54.16727
-1.250507,52.86826
1.693238,52.45922
2.51343,49.87276
1.67252,50.13601
2.22174,50.76911
-1.767809,53.65085
-1.205067,53.64372
-0.116778,51.27764
-1.464683,51.19849
1.280407,51.15371
0.512016,51.35712
0.901918,52.06761
-1.365638,53.6285
-1.180793,53.95904
-2.863479,56.00406
-1.056988,52.95498
-0.4892,54.26469
-2.42259,51.45688
-3.265398,51.39025
-1.005785,51.4729
-1.123296,51.50171
1.325522,52.69925
-2.873119,56.00489
-1.59753,54.20562
-1.644885,54.22554
-2.623578,53.77371
2.46644,49.93987
-1.487374,54.0632
-1.49498,54.06593
-1.515115,54.04265
0.58514,49.49026
-2.694335,50.69003
-1.530406,53.90519
-0.619769,52.94172
-0.870223,54.05899
-1.811549,53.83361
-0.902204,54.06288
0.650295,51.26413
-1.190576,52.5757
-0.877812,54.08917
-0.445169,51.2973
0.183987,51.55704
-2.157203,51.77372
-1.409343,53.20446
-0.87845,54.0831
-0.277608,54.09151
-2.161542,51.77101
-0.894053,54.05337
-0.277496,54.09421
-0.862773,54.08004
-1.409161,51.06334
-3.983737,57.96972
-0.666996,54.46452
-2.641781,53.3797
-1.243533,53.26824
-0.833936,54.09999
-1.30941,51.0538
-0.311527,51.96352
-1.255155,52.9438
-0.830929,54.09816
-3.993125,57.9561
1.93498,50.94643
-2.152925,51.7944
-0.456828,54.30922
-0.352514,54.22694
-2.155822,51.7935
-1.447453,52.80102
-0.428837,54.23695
-1.271233,53.13807
-0.429178,54.22797
-0.427812,54.2639
-1.058359,52.96039
1.194825,51.31214
1.65346,50.85399
0.21458,51.84469
-1.192943,51.88074
3.80442,43.57107
-1.2707,52.90435
-0.014205,51.71478
-0.526587,51.44223
-0.315152,51.32248
-0.526298,51.45122
-1.272739,54.10524
-1.275954,54.09627
-1.779755,52.64254
2.09326,50.05002
2.37,50.23137
-1.399251,53.97606
-1.061241,54.09074
-0.92562,54.16196
-0.906492,54.16134
-1.490067,54.03041
-1.42962,53.9852
-1.045056,54.09646
2.93068,49.69402
2.7918,49.78371
2.37333,49.96195
-1.062455,54.03682
-0.967068,54.18884
-1.007468,54.19772
-0.607054,54.48047
-0.754154,53.95538
-1.163776,54.1998
-1.064917,54.0292
-1.04842,53.98278
-1.541148,50.66929
-1.142244,54.20324
-1.120104,54.19904
1.07369,51.16383
-2.566524,51.47484
1.21,49.78
-0.485221,51.38775
-0.091628,51.17516
-0.845246,54.16077
-1.255607,51.73685
-0.775436,54.16502
-0.718134,54.08623
-1.654409,54.46238
-0.92794,54.13142
-0.875868,54.16106
-3.982097,57.97064
-3.977128,57.97252
-0.830188,54.15163
-0.470856,51.38756
-1.047189,54.0367
0.315175,52.2581
1.22,49.71
3.48064,49.2437
-0.048194,52.11281
-1.159303,50.67513
-1.325024,51.69456
0.220673,51.27307
-2.530477,51.47051
-2.581823,51.4325
0.959005,52.0482
2.224055,49.08501
-0.04784,52.12089
-0.673277,53.79047
-2.654137,53.33253
-0.901295,54.21297
-1.212716,54.28641
-0.874646,54.2343
-2.556008,51.43892
2.3655,50.59045
2.36663,50.50069
-2.946343,51.56455
-0.314163,51.34944
-2.598674,50.95944
-3.440413,50.75919
-2.607643,51.42698
-2.601819,51.42161
3.63112,50.32116
-3.440689,50.76818
-2.39738,51.56186
-0.631444,53.79315
-0.613145,53.79563
0.516944,51.44695
-2.607147,51.49802
-0.105188,51.19337
-0.737846,53.43386
2.5056,50.68083
-0.694967,54.06935
-0.049613,53.53878
-1.09455,53.96516
-1.311329,53.75988
0.133012,53.47902
-0.61,49.23
2.09486,49.96021
0.017605,53.52417
-0.923435,54.09857
-0.987433,53.98229
-0.966029,51.25675
2.92994,50.23296
-1.538743,53.76996
-0.398991,54.03656
-0.978345,54.13546
-1.033589,53.96469
-0.419673,54.07504
-0.679405,54.07817
-1.033294,53.94447
-0.986617,53.98453
-0.988521,53.93735
-0.983492,54.14404
-1.090437,54.15388
-0.840727,53.46996
1.29,49.78
3.21042,50.32259
-1.279919,53.82261
-2.090447,51.72973
-1.227855,53.80386
-1.459885,54.00331
-1.204143,53.81314
-1.221399,53.82449
-1.187044,53.9119
-1.219329,53.81324
-1.244669,53.79768
-2.763104,51.43416
-1.323881,53.44985
-0.803365,53.88667
0.177352,52.15561
-0.82613,53.88869
-0.213138,53.90136
-0.203462,53.89627
-0.886722,54.0133
-1.485754,54.68691
-2.133881,51.72879
-0.279662,53.89379
-1.534268,51.03918
-2.13098,51.727
-1.308972,54.775
-1.21397,53.49007
-0.797124,53.94503
-0.894184,54.01967
-0.379948,53.34504
-2.177511,51.77818
-1.121727,54.08626
-1.106714,54.10906
1.372356,51.33549
3.35065,50.32227
-0.790337,53.41418
-1.397435,54.10188
-1.397695,54.08391
-1.494238,54.12704
-1.397565,54.09289
1.304434,51.98505
-1.086641,54.01319
-2.344173,51.39298
-1.375775,53.35081
0.32969,51.30243
-1.371401,53.34179
-1.446727,53.44014
-1.343018,53.33175
-1.327721,53.34965
-1.44422,53.40148
-1.435411,53.38526
-1.486407,53.39538
-1.327791,53.34515
-1.515101,53.38471
-1.397763,53.38957
-1.439224,53.43831
-1.420401,53.38339
-0.485337,53.12618
-0.684684,53.30294
-0.16611,53.1118
-0.135275,53.13379
-0.660164,53.79707
-4.097149,50.36742
-0.733261,53.84011
-0.925283,53.81951
-0.900213,53.81973
-0.719971,53.82738
-1.059382,51.87616
-0.096436,54.12429
-1.978623,53.96857
0.94232,51.3471
1.132474,52.02573
3.2082,49.78371
-0.579192,53.87928
-0.640311,53.871
-1.832887,54.38862
-0.594399,53.87946
-2.354931,51.66809
-0.597735,53.89343
-0.562136,53.93301
0.727186,52.58662
-3.107087,51.02317
2.64684,50.68131
-0.001574,51.27258
-2.152956,51.80339
-0.302774,53.51027
-2.152968,51.80699
-2.829961,53.46685
-1.120546,54.35857
-1.136893,54.31285
-0.964351,51.58584
-2.359413,51.4944
3.06956,49.87371
3.07081,50.77152
3.06993,50.14316
3.20967,50.14301
-2.225435,53.092
-0.180007,51.47333
-1.51192,53.39998
-1.301594,54.02632
-1.311819,53.96166
-1.31324,53.96796
-1.263831,54.00362
-1.334565,53.96898
-1.262417,53.99732
-0.22054,51.26398
-2.339519,52.31097
0.793451,51.2608
-2.208855,54.28295
-1.50861,53.75186
-1.614846,53.74326
-1.493554,53.74281
-0.272635,52.1231
-1.119881,51.60419
-1.235482,51.68502
-2.675916,51.47246
-1.325304,53.35997
-4.099959,50.36737
-1.597622,53.95891
0.53776,51.43301
-0.674187,54.50459
-4.098554,50.3674
-2.938237,51.34567
-0.952346,51.66845
0.292967,52.71047
-0.97933,51.14131
-2.644295,51.47624
-2.645722,51.47533
3.35128,50.41205
0.525273,51.40225
-4.104215,50.3682
-0.837476,53.89105
-0.798011,54.20524
-0.714695,51.78838
-1.266408,51.65105
-3.118768,51.53606
-0.429519,54.21898
-2.619721,51.46918
-2.767479,51.43773
-1.779303,52.73243
-0.662335,51.22804
0.258026,51.30383
-2.584637,52.60084
-0.913307,53.90075
-1.782184,53.63582
-1.175062,53.35903
-1.581572,54.03975
-1.128774,53.78565
-0.999674,53.37342
-2.407323,51.38289
-2.469877,51.59755
-1.322451,53.53973
1.163062,51.30941
0.225017,51.36292
-2.413233,51.63958
-2.407395,51.39098
-2.456402,51.62143
2.93007,50.14316
-1.59527,54.20157
-1.564612,54.20146
-1.503512,54.18325
-2.513873,51.59422
-2.499142,51.56731
1.53282,50.13443
2.22865,50.32036
2.23002,50.23058
-2.298045,51.70286
-0.616211,53.56375
0.788018,51.17099
-0.974173,53.90128
-0.958733,53.91014
-0.885864,54.35888
-0.859082,54.29796
-0.362458,53.48773
-0.050883,51.46226
-2.07564,52.82251
-0.317781,51.25057
-2.944317,51.15229
-0.516858,51.29823
-0.562118,51.22685
-2.373199,52.91184
-1.567885,53.88691
-1.064673,53.93797
-1.064873,53.92898
1.3049,47.58126
-0.681416,53.99055
-1.538447,53.79692
-1.675008,53.80635
-1.584168,53.77911
-0.71302,53.97966
-0.667003,53.98815
-0.685877,53.9942
-0.016349,52.13925
-0.01729,52.15096
-0.024474,52.15377
-0.031897,52.1512
-1.222485,53.64249
-1.207361,53.64239
-1.41911,53.6436
-2.095515,51.73018
-2.483658,51.39968
-1.239725,53.65113
-1.569434,54.03966
-1.565566,54.0445
-2.482906,51.39654
-1.22232,53.65147
3.49176,50.41157
-0.026094,52.1502
-0.013349,52.141
0.079474,53.66291
-3.455144,50.77699
0.079031,53.65393
-2.654515,51.48607
-1.319653,54.18236
-1.350858,54.14658
-0.979289,54.31477
-2.697909,51.49841
-2.481427,51.5975
-3.432769,50.76423
-0.105925,51.33232
-1.088384,51.51853
-1.030461,51.42949
-0.719854,51.21969
-1.016272,51.42038
-1.015886,51.43836
-0.74824,51.22899
-1.001698,51.42925
-1.045031,51.42062
-1.088169,51.42097
-1.016079,51.42937
-2.178886,51.7593
-1.073607,51.42984
1.59342,52.31838
5.05117,43.82471
-1.173322,53.4489
-0.435715,51.15329
-1.178706,53.36489
-1.139947,53.42395
-2.671901,51.49317
-2.669021,51.49318
1.161579,52.02495
-1.994144,51.86508
-1.146134,53.3404
-2.572179,51.63891
-2.94747,51.30603
-1.307758,53.46908
-1.307773,53.46818
-1.44647,53.45992
-1.309279,53.46819
-1.210044,53.49859
-1.309265,53.46909
-1.446458,53.46081
-1.438881,53.46437
-2.904048,51.35943
-1.373732,53.49012
-3.630997,51.47993
5.76672,43.57764
3.21192,50.68163
-2.475614,51.59393
-0.565469,51.11898
-0.15485,51.38301
-2.181849,51.77548
-0.159332,50.85744
1.054958,52.17166
-0.226403,50.83105
-0.116616,50.82438
-0.109267,50.83056
1.66544,50.40534
-1.337968,53.46386
1.80589,50.40678
1.94822,50.31829
-0.050684,51.80397
-0.650423,53.48504
-1.204952,53.32732
-1.321155,53.38466
-1.331153,53.51416
-1.329645,53.51415
-2.199095,51.74218
-2.645747,51.47713
10.3,44.8
1.80376,50.49654
-2.104327,52.09654
-0.816929,54.0796
-0.376147,51.44429
-1.307919,53.4592
-0.145931,51.24798
-1.373878,53.37776
-2.451204,53.47563
-0.310497,52.74353
1.33743,47.51396
-0.260787,51.26098
-0.131254,51.16816
-0.584347,53.72653
-0.5695,53.71737
-0.554353,53.71718
-0.993818,51.13244
-2.110489,52.2269
-0.205645,51.37031
-2.417213,51.52222
-2.397603,51.50476
-2.383347,51.52279
0.873933,52.08628
-2.521548,51.31859
-2.358276,51.9994
-1.746434,51.88324
-1.19673,50.94864
-2.42613,51.55096
-2.47001,51.54046
-2.596184,51.43064
3.476,51.373
-1.415,53.94019
-1.399896,53.93113
-2.37991,51.36949
-2.309789,51.40926
-2.529551,51.39049
3.49264,50.50133
-0.352462,51.28254
-1.01251,50.92578
0.80344,51.98757
-1.690284,51.70283
-0.449892,54.08442
-1.968682,51.93386
-2.411085,51.64183
-2.219527,51.92332
-0.217532,51.24909
-2.297396,51.60396
-0.463141,53.72504
-1.197851,53.3457
-2.563445,51.34178
-2.629204,51.42597
-2.591768,51.53406
-2.545679,51.53788
-2.583199,51.5404
-2.451555,51.49692
-2.584548,51.5332
-2.458676,51.4888
-0.568145,52.63409
-2.790042,51.32788
-2.656814,51.4456
-1.570733,53.60829
-2.354575,51.43701
-2.638134,51.4475
-2.667712,51.50218
-2.566234,51.45146
-2.675394,51.53451
-2.630358,51.40528
0.571838,52.417
-2.783654,51.33197
-1.747062,51.90077
-1.840122,54.30999
-2.512961,51.5133
-2.354589,51.43881
-2.353115,51.43432
2.22314,50.67938
-2.784287,51.32702
-2.745799,51.43158
-2.772475,51.39274
-0.113102,51.29736
-1.338442,51.76657
-2.63156,51.49249
-0.288137,51.27712
2.2341,49.96116
0.28908,52.30996
-0.07368,51.27964
-1.445941,53.90438
-0.475205,51.32152
-2.695094,51.17067
-2.311958,51.6219
-0.143733,51.32034
0.011741,51.26561
-0.268915,51.3879
-0.015397,51.26787
-2.689633,51.52274
-2.871642,51.43026
-2.557359,51.43173
-1.474448,53.45061
-2.124896,51.883
-2.630579,51.52577
-2.588081,51.58353
-2.646383,51.52208
-2.458721,51.4933
-0.056225,51.33645
-0.041495,51.3452
-0.965272,54.26072
-0.965047,54.26971
-0.444242,51.2186
0.451334,52.3656
-0.220852,51.25589
-2.481502,51.46803
-2.641743,51.49963
0.424214,51.39449
-1.483345,53.39986
-2.704883,50.92108
-2.785539,51.02173
-0.261173,51.23176
-0.04565,51.56784
-0.560041,51.27044
-0.051302,51.57063
-0.117292,51.24752
-0.118759,51.21157
-1.159077,51.47545
-3.647257,51.53747
-2.774287,51.32978
-0.299266,51.26694
-0.94993,51.17702
0.604787,52.97378
1.05093,52.96316
-0.163821,51.57155
-0.304411,51.32187
-2.00867,51.88306
-2.005038,51.87991
-0.15742,51.37271
-1.141503,53.34665
-0.6704,51.19666
-2.652659,53.34885
-0.740075,51.18709
-0.521274,51.22769
-0.753943,51.20342
-0.108064,51.55897
-0.110948,51.55902
-2.754064,51.27821
-0.857586,54.26874
-1.13801,53.3709
-0.106473,51.56254
-1.566397,54.03071
1.21621,52.53027
-2.797382,51.29591
-2.074263,52.0134
-2.989726,50.80121
-0.711078,54.04256
-0.671675,54.05696
-0.56828,53.75331
-0.226158,51.3414
0.164012,51.81955
-0.577266,51.20006
-0.12041,51.57446
-2.081085,51.75716
0.037961,51.27505
-0.1013,51.30527
-0.879748,54.01728
0.013538,51.29031
-0.574925,51.43788
-0.849726,53.99902
1.553128,52.6389
-1.036295,51.66467
0.630589,52.4157
-0.689016,54.25804
0.513082,52.41826
-2.396201,51.34291
-2.008668,51.87407
-2.780639,51.19666
1.640419,52.53281
1.327775,51.28505
-1.032953,51.61789
1.468096,52.59196
1.456796,52.44838
1.38703,52.30649
-2.956996,51.38463
-0.227704,51.35716
-1.146106,51.97572
-2.627497,51.4588
-0.356231,51.35768
-2.814431,51.44865
-2.483001,51.40553
-1.113749,54.49558
-1.275535,51.3953
-2.984382,51.32146
-1.633066,53.82735
-1.012071,51.64829
-2.831556,51.16304
1.724126,52.47624
-4.133089,50.41624
-0.361831,51.24086
-0.382497,51.85396
1.055055,51.06582
-1.887088,53.99549
-0.259428,51.90121
0.691524,52.4503
-0.372183,51.39388
-3.310234,50.64156
0.542461,52.41763
-0.619909,51.80619
-0.197775,50.89221
0.759534,52.12499
-0.363295,51.23998
-0.286677,50.87197
1.622731,52.5419
-1.957132,52.53265
-3.292069,50.70112
-3.527999,50.77111
1.586595,52.14319
1.559576,52.17099
-3.505959,50.70305
-1.22116,53.71438
-3.71645,50.57243
4.43738,43.49578
-1.12919,52.65752
-4.11124,50.36807
-0.201806,51.30326
-0.184637,51.30209
-0.603611,54.05934
-0.822264,53.8909
-0.837128,50.79781
-1.550161,54.12052
-0.301574,53.16235
0.08845,51.40815
-1.332184,53.40046
0.777235,50.99136
-3.457947,50.75312
-1.505865,53.98553
-0.301096,51.79841
-2.267958,51.87601
-0.169487,51.82521
-1.159787,52.6038
-3.557037,50.70598
-0.770649,51.32859
-3.572185,50.77772
-0.61289,54.23921
-0.402722,51.79534
-1.294312,53.82494
0.229384,51.45277
0.310004,52.261
-0.05869,52.03925
-4.333243,51.6985
-2.167878,51.7211
-1.226554,54.24471
-4.300707,51.68475
-0.542365,51.69195
-1.146933,52.61944
-1.208289,52.4113
-1.804808,51.99079
-1.314291,54.50587
-1.222341,52.40645
-0.566382,52.68801
-1.159443,52.62178
-2.182572,51.77503
-1.805029,51.0948
-2.625578,51.47634
-0.302512,51.79933
-0.398358,51.38524
1.366832,51.30912
-0.882395,53.91844
-0.929839,53.81955
-0.449861,52.69868
-0.454267,52.69964
-0.661317,52.7525
-2.255598,51.87379
4.0884,51.9043
-3.191168,50.68691
1.17002,51.09784
-3.248923,52.82899
-4.17278,51.6719
-0.319454,52.18127
-1.82989,50.93477
-2.008638,51.72122
-1.354209,53.93089
-0.492476,54.17484
-0.526355,51.73941
-0.528311,51.67919
-1.387165,53.76029
-0.982492,51.48439
-1.769932,53.10547
-0.041936,53.65597
-0.445418,52.11332
-0.721533,53.70111
-0.303847,51.33715
1.344001,51.24186
0.113824,51.58396
0.118994,51.72595
-2.096109,52.00889
-2.147064,51.77553
-0.311922,52.57228
-0.272843,52.45888
-0.377279,51.73655
0.936579,51.2573
-2.483796,52.62782
-1.794293,51.10062
-2.183229,51.93686
1.133052,52.13813
1.104498,52.14788
9.16841,42.51739
1.327108,51.20636
-1.263942,53.86745
-0.531482,52.20523
0.907976,50.92836
1.194136,51.09538
0.782613,51.08118
1.1938,51.96562
-1.107293,51.50968
-2.75363,51.38297
-0.961444,51.58671
-0.298384,51.48455
-2.076114,53.09219
-2.066517,51.70322
-0.274252,51.47521
-0.242058,51.35737
-1.126955,51.08271
-4.078072,52.41096
1.60622,52.38545
1.92652,49.66756
-0.595384,52.70634
-2.916568,53.18621
1.332298,51.27817
1.096652,52.35045
1.387156,52.21205
1.161015,52.32626
-1.528433,51.7513
-1.271536,50.73884
-1.324371,50.76029
-1.530199,51.72073
1.438618,52.3095
-0.469883,51.84614
1.314753,51.2337
1.594557,52.24189
-0.315387,51.25729
-2.102892,52.10733
-0.471807,52.00352
1.033362,52.17672
-0.187849,51.81965
-2.047384,52.08489
9.38336,42.6775
-1.504906,54.06642
-1.112288,54.09877
-2.598332,57.2041
-0.329538,51.91167
-2.151629,52.27001
-2.003604,52.10468
-1.240191,53.49878
-2.075975,51.73424
-0.480918,51.73389
0.593839,52.29062
0.856268,52.26658
0.670916,52.10905
0.983345,51.97564
1.41908,52.34155
1.194524,52.07802
0.482694,52.40092
0.553195,52.09367
1.380192,52.21675
1.600715,52.4081
0.87856,52.15812
0.984539,51.99359
1.186852,51.9703
0.538335,52.34578
1.416311,52.30565
1.319065,52.18251
0.942884,52.24646
0.761757,52.16091
1.016043,52.02877
1.495661,52.19539
1.002604,52.26294
1.487231,52.08771
0.996551,52.17316
0.594889,52.30858
0.435551,52.07817
0.84478,52.08699
0.831579,52.33911
0.72816,52.08975
0.799991,52.3039
1.56558,52.33721
1.530562,52.26631
0.932233,52.08485
0.696835,52.0545
1.480506,52.37573
0.72597,52.05383
0.74696,52.39507
1.109604,52.11627
0.540395,52.38171
0.394585,52.40274
1.378828,52.1988
1.405293,52.16206
0.939322,52.19259
1.075494,52.04522
0.492861,52.05899
0.588604,52.20081
1.09039,52.26067
0.824714,52.23136
1.685741,52.3695
1.412168,52.2518
0.788714,52.1243
1.102125,52.00854
0.851659,52.19474
0.912452,52.22923
0.483703,52.41888
1.324427,52.25431
1.344225,52.12783
0.64387,52.14563
0.522003,52.05837
1.119649,52.25991
1.58327,52.19276
0.704438,52.18022
0.931056,52.06689
0.358511,52.27757
1.625639,52.35337
0.509004,52.34641
1.435862,52.17916
0.976951,52.31755
0.733655,52.17955
1.516971,52.46459
0.539364,52.36374
1.353676,52.25348
1.733255,52.58389
0.910102,52.19331
0.784236,52.05246
1.559812,52.26543
1.105859,52.06241
0.872779,52.06832
1.349617,52.19963
0.763984,52.19683
1.081678,52.13499
1.572824,52.42694
0.973339,52.26368
1.025755,52.17242
1.395283,52.41419
0.598046,52.36247
1.066089,52.33326
0.59594,52.32654
1.476276,52.32189
0.887874,52.30178
0.449346,52.32968
1.04882,52.08188
0.817892,52.12361
0.967345,52.1739
1.113361,52.17013
1.498483,52.23129
0.822435,52.19544
1.442804,52.2689
0.807738,51.96197
1.51411,52.4287
1.097908,52.3684
1.501311,52.26718
1.292517,52.21923
1.544909,52.44577
1.357747,52.30733
1.012421,51.9749
1.363926,52.00135
1.147635,52.24117
1.289862,52.18333
1.231452,52.18494
0.709903,52.27003
0.917166,52.30106
0.739178,52.26935
1.033093,52.28015
1.215222,52.36526
1.644883,52.58664
1.48192,52.39368
0.541427,52.39967
1.699264,52.53098
1.536283,52.33809
1.003818,52.2809
0.979365,52.35346
1.136247,52.07959
0.776318,52.39438
0.794337,52.2141
1.198379,52.13188
0.701173,52.12634
1.043932,52.01006
0.592789,52.27266
0.497877,52.14881
0.864382,52.39228
0.740286,52.28731
1.413548,52.26975
0.899591,52.03169
0.551145,52.05774
0.870475,52.03241
1.494252,52.17744
0.484713,52.43684
1.477684,52.33984
0.891386,52.35565
1.145095,52.20527
1.04028,51.95619
1.653463,52.33452
0.991731,52.10134
1.382923,52.25265
1.178164,52.25834
0.809986,51.99789
1.610994,52.53371
0.673066,52.14497
0.80226,52.33981
0.450339,52.34764
1.393904,52.39624
0.618893,52.21813
1.473462,52.28599
0.826998,52.26728
0.676299,52.19885
1.029418,52.22628
1.064847,52.3153
1.191962,52.04212
1.694742,52.47716
0.67522,52.18089
1.539153,52.37399
1.721096,52.44035
1.086648,52.20681
0.974542,52.28164
0.55937,52.20145
1.320403,52.20046
0.641744,52.1097
1.068577,52.36917
0.436529,52.09614
1.587611,52.2466
0.95004,52.3542
0.782004,52.01654
0.969739,52.20981
1.261973,52.20209
0.769573,52.28663
1.246284,51.98667
0.507987,52.32845
1.316392,52.14661
0.842497,52.05107
0.729256,52.10771
0.814496,52.06973
0.893735,52.39156
0.563508,52.2733
1.669842,52.5319
1.323085,52.23636
1.180736,52.29425
0.708807,52.25207
1.069342,51.95544
1.348266,52.18168
1.34288,52.10988
0.796595,52.25002
0.867027,51.97853
1.449781,52.35864
1.392526,52.37829
1.433096,52.14326
0.564546,52.29126
0.970938,52.22777
0.528095,52.16615
1.023319,52.1365
0.591741,52.2547
1.080438,52.11704
0.730354,52.12567
0.944073,52.26442
0.651348,52.27136
1.705315,52.60275
0.697918,52.07246
0.96615,52.15594
1.45539,52.43043
1.333865,52.37996
1.215919,51.96951
1.423244,52.39539
0.617837,52.20016
0.821297,52.17749
1.424635,52.41334
0.868175,51.99649
0.757317,52.08907
0.642806,52.12766
0.79321,52.19614
1.210015,52.29346
0.406394,52.07877
1.646374,52.60458
1.263289,52.22004
1.359108,52.32528
0.532178,52.238
1.108354,52.09832
1.227551,52.13109
0.820161,52.15953
1.140031,52.13345
0.811112,52.01585
0.925189,51.9771
0.511041,52.38233
0.465697,52.09553
-1.535888,51.73065
-1.042797,52.21184
1.095411,51.16775
-0.565204,52.72396
-0.384682,51.4471
-1.265358,53.78657
-0.517961,54.31897
-3.388255,51.38931
-1.271108,53.45403
1.320871,51.12963
-1.564992,51.71547
-0.652907,52.76095
-1.243068,53.337
9.16229,41.40419
-0.537925,51.87443
-0.266016,52.23894
-0.828185,53.71438
0.041727,51.48901
-0.640511,53.13434
-0.375239,53.35037
-0.786891,54.06132
-0.011296,53.4869
-3.948383,58.01923
-0.513192,51.5666
-1.662272,53.50072
-0.282653,53.56033
-4.385517,53.14516
0.136049,53.35939
-0.506908,52.7183
-1.001175,54.04532
-4.319745,53.1595
-0.610458,53.87915
-0.310053,51.24642
-0.385632,54.16447
-0.24651,53.19212
0.321785,53.09878
-0.927833,53.92784
-0.928063,53.91885
-0.450272,52.77061
-2.481021,52.1037
-1.666045,53.50028
-0.707265,52.14885
-0.551654,51.55944
-1.624227,53.54105
0.279576,52.31059
-3.333796,51.51808
-0.175395,52.67949
-0.417828,52.08823
1.085697,51.3434
-0.377644,51.98877
-0.02829,52.92349
-1.317433,53.3824
-2.665088,52.55097
-0.159903,53.37916
1.191026,51.3091
-0.292877,52.30227
-0.304505,52.74524
-0.342552,52.15013
-0.406119,52.00714
-0.482883,51.89127
-0.588339,54.05916
-0.269618,52.8778
-0.384231,54.20041
-0.348363,53.03445
-0.274024,52.03226
-0.508847,52.42208
-1.445398,54.0028
-3.237265,51.91701
-3.484076,51.40796
-0.482838,52.32285
-0.292358,51.93362
-0.68536,53.88948
-1.858308,51.41678
-0.47034,52.25975
-0.255425,52.50852
-0.289778,50.84548
-0.462551,52.27314
-3.175164,53.17495
-3.740168,50.52621
-0.699455,53.92558
-0.367659,51.86275
-0.452906,51.91785
-0.182715,53.9009
-0.27437,52.02327
-0.544572,54.43614
-0.391234,52.01593
-0.349841,52.34804
-0.478935,52.00811
-0.378942,51.95282
1.263917,51.32508
-3.54669,50.54198
1.02446,52.61537
-0.874888,53.63074
-0.322833,52.09141
1.025898,52.60409
-3.766171,50.56135
-2.893004,56.41401
-1.539179,53.10345
-0.326194,52.00154
-2.884173,56.38263
-1.553427,53.45767
-1.540827,53.50885
-1.424274,53.87507
-1.158946,53.79486
-0.167627,52.13855
-0.309211,52.45086
-0.83405,52.63701
-0.804503,52.63671
-0.681838,53.73528
1.698699,52.43656
-0.138262,52.8394
1.176775,51.1026
-0.908171,52.47904
-0.475685,51.95367
-0.503863,52.1343
-0.184234,51.90952
1.026494,51.06567
-0.206967,53.70755
-1.078439,53.76236
-1.805197,51.90088
-2.468533,54.1564
-0.468738,52.09339
-1.145152,50.67503
-0.420285,51.95653
-1.224185,53.67351
1.187378,51.10097
-4.181141,50.37442
-1.032947,52.99839
-0.279887,53.7585
-0.400837,53.76917
0.837713,50.93144
0.960156,51.3453
-0.507806,51.57687
-0.765481,54.26783
4.67,51.87
-0.704458,53.76385
-0.966042,53.61358
-0.481446,51.73974
-1.354486,53.91291
0.862403,51.32075
3.251,51.341
1.279527,51.34263
1.12945,51.2478
-0.49861,51.74625
-0.967642,51.02431
-0.953387,51.02418
-1.467685,53.98987
-2.21736,51.47376
-1.64003,51.65324
0.123309,52.26405
-0.135465,53.07761
-0.552812,53.98233
-0.574205,53.35336
-2.939038,51.56012
-1.162683,53.98813
-3.350487,50.83671
-0.424026,53.35147
-0.603405,52.4547
-2.92275,50.75095
-2.21822,51.65359
-3.896471,50.28947
0.884338,52.69755
-1.3418,52.28131
-1.206421,51.65111
0.890276,52.78733
-1.354772,51.38227
-2.501374,51.11321
-0.559007,53.80263
-1.358534,51.11253
-3.575586,53.26157
-2.650557,51.56207
-1.212635,51.29148
-0.765549,51.91705
-1.00806,54.07683
-1.64074,51.56333
-0.414003,53.62102
-0.407229,53.80071
-1.076439,50.9308
-0.240391,54.15794
1.446986,52.32275
-1.929813,51.20419
-2.890906,56.32418
-0.899897,52.36793
0.288268,52.62065
-0.362036,51.01289
-0.417362,53.53117
-4.040607,50.37698
-0.176946,52.08924
-2.074413,52.10331
-0.251731,53.88844
-0.787223,51.108
0.350176,51.00073
-0.775307,51.55749
-0.768008,51.82716
-1.619377,54.08032
0.843638,52.06903
0.989329,52.06542
-0.06962,51.18829
0.387264,51.71945
-1.46422,54.25948
-0.046736,51.72747
-0.549689,54.07218
-2.581271,57.22439
-0.065855,51.27816
-0.934166,50.92959
-0.486914,51.55412
-1.773684,53.81108
0.283595,52.53082
-3.631266,50.74318
-0.139337,52.98776
-0.01509,52.44629
-1.05629,51.91974
-2.073236,51.38402
-0.921647,51.46901
0.655478,51.35395
-0.316058,52.27114
-3.910914,50.649
-2.49752,50.75353
-1.929539,51.38403
0.24262,51.7223
-1.319566,53.71948
-0.393461,54.16008
-1.164481,53.89826
-1.223204,50.66208
-1.046743,52.3692
-1.340465,52.37121
-0.647044,51.01654
-1.926177,53.45174
-1.642847,51.29359
-1.496483,51.5628
-1.625021,53.45117
0.930868,51.1675
-0.537026,54.43156
-0.49872,51.19458
0.265145,52.1715
-1.214168,51.20157
-1.048673,52.27931
-0.583129,53.08378
0.377848,51.53978
0.057409,50.82639
-0.729736,53.17533
-1.788725,50.75441
-2.781013,50.75198
-0.284668,53.07985
1.01358,52.42454
-1.160876,54.078
-0.080799,50.91868
-0.368336,50.83312
-1.787502,51.02418
-0.489888,51.46424
-0.906542,52.09827
-1.149823,54.61716
-0.865037,53.71603
-1.499438,51.29306
0.396779,51.89912
0.826648,51.79964
-2.782514,50.8419
-0.440378,52.90219
-0.910914,51.91848
-0.1806,51.99938
-0.365194,50.92301
1.116263,51.79231
-0.222988,50.92093
-0.791904,50.9282
-0.277486,53.25955
0.671186,51.6234
0.526878,51.6266
0.742173,52.79085
-1.782855,52.01323
-0.446797,52.72247
-2.649276,51.47216
-2.216086,51.20401
0.401574,51.98895
-0.477897,51.82377
-2.928095,51.02068
-2.518677,52.6416
-3.074807,51.19927
-1.465381,54.16961
0.341141,50.82104
0.502235,51.17745
0.860897,52.33841
-1.078214,50.84089
-0.540218,54.34171
0.531884,51.71643
0.110531,51.99452
-2.974001,53.17811
-3.952192,51.63756
-0.449981,52.63261
-0.915241,51.7387
0.274321,52.35116
-0.119769,53.43697
-0.770453,51.73727
-0.925863,51.28921
0.102124,51.81483
0.145058,52.71324
-0.173274,52.1791
-1.151691,54.52731
-0.302291,52.63058
-3.759483,50.38157
1.154009,52.33094
0.541973,51.89607
-0.568175,53.53307
-0.78011,51.3777
-0.917387,51.6488
-1.359776,51.02262
-0.872235,53.44644
-1.454695,54.97838
-1.166268,53.80839
1.440023,52.23301
-1.0619,51.65004
-0.150829,52.71822
-0.614658,52.0952
-0.611867,52.18508
-0.01104,52.53614
-3.068577,50.92956
-1.067422,51.38034
0.345647,50.91089
-0.622945,51.82555
-0.852777,54.16533
-0.312643,52.361
-1.929123,51.65377
-0.084488,50.8288
-0.691135,54.43332
0.073376,51.18584
0.06137,50.91625
0.681795,51.80303
-0.930036,51.1094
-2.215666,51.11409
-3.353089,50.92661
0.065352,51.00612
-2.512394,52.10222
-2.367143,52.19267
-1.497473,51.47289
0.64514,51.17431
0.093803,51.63513
-2.537612,54.16959
-0.620197,51.91544
-1.786677,51.20402
-0.459434,52.36301
-0.456299,52.45287
-1.303127,54.70801
-3.20851,50.83826
-0.777715,51.4676
1.615422,52.58754
-0.077092,51.00855
0.416109,52.25842
-1.923411,54.97958
0.896246,52.87711
-1.787091,51.1141
0.127613,52.35389
0.162876,53.07256
-0.035024,51.99704
0.747838,52.88064
-1.204848,51.74101
-1.489408,52.19214
-0.342739,51.55218
-1.78372,51.83341
-0.594807,52.72431
-2.646736,51.29234
-4.214805,51.09331
-2.072108,50.66465
-3.072719,51.10937
-0.565136,53.62293
0.552169,52.07571
-3.064477,50.74974
-2.935353,51.38031
-0.443596,52.81233
-0.850285,54.25519
-2.793237,51.47128
-1.643543,51.20367
-1.310722,54.2587
-0.038948,51.90719
-1.783288,51.92332
-0.510285,50.83502
0.363905,51.27027
0.567664,52.34515
-2.784022,50.93181
-2.073526,51.56385
-3.210839,50.92817
0.359305,51.18042
-0.636472,51.37612
-0.483924,51.64401
-1.069244,51.29043
1.287213,52.14742
-0.20915,51.28044
0.665923,51.53359
-1.638599,51.83306
-0.927955,51.1993
0.692516,51.98265
-2.214832,50.93425
-0.895408,52.54769
-0.897658,52.45781
0.634908,50.99466
-3.085407,51.64877
-0.591911,52.81418
-0.693991,54.34348
-2.506305,51.56278
0.026396,53.34467
-1.218721,50.93184
-2.072385,50.8445
-0.389971,54.24992
-1.065591,51.47024
-3.355705,51.0165
-3.070643,51.01946
-0.332864,51.8218
-0.782493,51.2878
-0.477152,51.63043
-0.285794,51.34004
0.081484,51.36556
-2.274905,50.62343
-0.336173,51.73193
-0.763078,52.00694
-0.078387,51.88581
-0.801424,53.01875
-0.801922,53.00078
-1.784149,51.7435
-1.924744,54.26064
3.691,51.708
3.691,51.72
-1.342457,53.85488
-0.977586,53.73008
-4.894415,50.53876
-1.41471,53.90648
-1.171573,53.53878
-4.974272,51.79598
-3.495326,50.92487
-1.194801,53.50747
-2.079653,54.97958
-2.599155,52.58279
-1.610059,55.06884
-1.92539,53.90114
-0.002196,52.8763
-2.355765,50.75405
-2.673457,51.64736
-2.651843,51.65198
-2.366404,52.10276
-0.951152,53.60446
-4.75,50.41667
0.339621,52.3364
9.49719,42.09929
-0.131572,53.16745
-1.059715,53.47952
-1.153548,54.43745
1.320732,52.59618
-2.659707,52.19139
-1.344449,52.10151
-1.620196,53.99045
-4.185274,50.46429
-1.774646,53.63132
1.453985,52.41249
-2.236956,55.1591
-1.471094,53.72024
-1.781541,52.28294
-1.472218,53.63036
-0.890871,52.72745
1.307218,52.41669
-1.453475,55.06824
-0.577195,53.2635
-2.220409,52.10313
-0.054443,51.54775
-0.740241,52.81585
10.4,43.71667
1.3,51.13333
-0.616667,51.83333
-0.383333,52.76667
-4.859863,50.37114
-0.4113,54.28407
-0.0241,51.35224
-0.60817,51.84203
0.31998,51.41302
28.62268,44.17931
3.608,51.502
1.75409,46.80838
24.05,38.57
-0.03,43.08
0.07,52.21
